DICT_ID	DICT_NM	DATA_TYPE	SYSTEM_TYPE
1	メインメニュー		base
2	プレビュー		base
3	印刷設定		base
4	プリンタ		base
5	部数		base
6	部単位		base
7	給紙トレイ		base
8	帳票レイアウト		base
9	印刷		base
10	レイアウトファイルアップロード		base
11	帳票選択		base
12	帳票レイアウトファイルアップロード		base
13	サブレポートレイアウトファイルアップロード		base
14	日本語(日本)		base
15	管理者		base
16	システム管理者		base
17	標準ユーザ		base
18	システム管理不可		base
19	共通設定不可		base
20	英語(米国)		base
21	簡体(中国)		base
22	グリッドヘッダ設定(ユーザ)		base
23	グリッドヘッダ設定(基本)		base
24	リセット		base
25	列一覧		base
26	列幅一覧		base
27	明細詳細		base
28	ログイン		base
29	ログインID		base
30	パスワード		base
31	古いパスワード		base
32	新しいパスワード		base
33	パスワードの確認入力		base
34	パスワード変更		base
35	認証管理		base
36	次回ログイン時のパスワード変更の強制		base
37	パスワード変更日時		base
38	最終ログイン日時		base
39	最終ログイン失敗日時		base
40	ログイン失敗回数		base
41	ロックアウト日時		base
42	利用可能開始日		base
43	利用可能開始時間		base
44	利用可能終了日		base
45	利用可能終了時間		base
46	ユーザ編集		base
47	次回のログイン時にパスワードの変更を強制する		base
48	プリンタグループマスタメンテナンス		base
49	プリンタグループマスタメンテナンスグリッド		base
50	印刷サービス情報メンテナンス(一覧)		base
51	印刷サービス情報メンテナンスグリッド		base
52	印刷サービス情報メンテナンス(編集)		base
53	プリンタマスタメンテナンス		base
54	プリンタマスタメンテナンスグリッド		base
55	プリンタ属性マスタメンテナンス		base
56	プリンタ属性マスタメンテナンスグリッド		base
57	印刷情報一覧		base
58	印刷情報一覧グリッド		base
59	印刷履歴一覧		base
60	印刷履歴一覧グリッド		base
61	システム管理マスタメンテナンス		base
62	プリンタグループ名称		base
63	プリンタグループ属性1		base
64	プリンタグループ属性2		base
65	プリンタグループ属性3		base
66	プリンタグループ属性4		base
67	プリンタグループ属性5		base
68	印刷サービス名称		base
69	端末名称		base
70	プリンタグループ		base
71	印刷サービスステータス		base
72	更新可否		base
73	帳票レイアウト属性1		base
74	帳票レイアウト属性2		base
75	帳票レイアウト属性3		base
76	帳票レイアウト属性4		base
77	帳票レイアウト属性5		base
78	プリンタ属性		base
79	再印刷有無		base
80	印刷日時		base
81	印刷日(From)	date	base
82	印刷時間(From)		base
83	印刷日(To)	date	base
84	印刷時間(To)		base
85	再印刷No.		base
86	印刷結果		base
87	再印刷		base
88	プリンタ表示可否		base
89	トレイ表示可否		base
90	システムパスワード		base
91	自動印刷プリンタ設定		base
92	自動印刷プリンタ設定(一覧)		base
93	自動印刷プリンタ設定グリッド		base
94	自動印刷プリンタ設定(編集)		base
95	自動印刷プリンタ一括変更(一覧)		base
96	自動印刷プリンタ一括変更(編集)		base
97	自動印刷プリンタ一括変更グリッド		base
98	プリンタ名称(変更前)		base
99	トレイ名称(変更前)		base
100	プリンタ名称(変更後)		base
101	トレイ名称(変更後)		base
102	自動印刷対象レイアウト		base
103	キュー登録日時		base
104	キュー登録日(From)	date	base
105	キュー登録時間(From)		base
106	キュー登録日(To)	date	base
107	キュー登録時間(To)		base
108	印刷履歴詳細		base
109	ページ総数		base
110	印刷ユーザCD		base
111	保護PDF		base
112	印刷データタイプ		base
113	お知らせマスタメンテナンスグリッド		base
114	メッセージマスタメンテナンスグリッド		base
115	メニューマスタメンテナンスグリッド		base
116	メニューマスタ一覧グリッド		base
117	ユーザマスタ一覧グリッド		base
118	ログ一覧グリッド		base
119	ログ明細一覧グリッド		base
120	画面グリッドマスタメンテナンスグリッド		base
121	画面グリッド権限マスタメンテナンスグリッド		base
122	画面マスタ一覧グリッド		base
123	画面項目マスタメンテナンスグリッド		base
124	画面項目権限マスタメンテナンスグリッド		base
125	区分値グループマスタメンテナンスグリッド		base
126	区分値グループ明細マスタメンテナンスグリッド		base
127	区分値マスタメンテナンスグリッド		base
128	区分値マスタ一覧グリッド		base
129	権限グループマスタメンテナンスグリッド		base
130	権限グループマスタ一覧グリッド		base
131	権限マスタメンテナンスグリッド		base
132	権限マスタ一覧グリッド		base
133	辞書カルチャマスタメンテナンスグリッド		base
134	辞書マスタメンテナンスグリッド		base
135	表示必須		base
136	時刻		base
137	同一ウインドウで開く		base
138	別ウインドウを新規で開く		base
139	別ウインドウを同一画面で開く		base
140	開き方		base
141	表示種別		base
142	権限制御区分	text	base
143	権限制御区分CD	text	base
144	権限制御区分名称	text	base
145	許可を指定		base
146	拒否を指定		base
147	帳票マスタメンテナンス		base
148	帳票マスタメンテナンスグリッド		base
149	帳票名称		base
150	プロパティマスタメンテナンス		base
151	プロパティマスタメンテナンスグリッド		base
152	帳票レイアウト一覧		base
153	端末設定		base
154	端末リスト		base
155	端末CD		base
156	ユーザ別自動印刷設定		base
157	端末別自動印刷設定		base
158	マスタ		wms
159	入荷		wms
160	出荷		wms
161	在庫		wms
162	棚卸		wms
163	ユーザ荷主倉庫選択		wms
164	荷主選択		wms
165	センタ選択		wms
166	倉庫選択		wms
167	切替		wms
168	WMSマスタ管理不可		wms
169	日次締処理不可		wms
170	10日残数	number	wms
171	15日残数	number	wms
172	一次ピッキングリスト発行者ID	text	wms
173	一次ピッキングリスト発行日時	datetime	wms
174	20日残数	number	wms
175	二次ピッキングリスト発行者ID	text	wms
176	二次ピッキングリスト発行日時	datetime	wms
177	受払日(From)		wms
178	HT検品完了日		wms
179	HT検品担当者ID		wms
180	ソースCD	text	wms
181	受払日(To)		wms
182	URLパス	text	wms
183	WMS在庫移動伝票No.	text	wms
184	WMS出荷伝票No.	text	wms
185	WMS伝票No.	text	wms
186	WMS入荷伝票No.	text	wms
187	エラーフラグ	text	wms
188	エラーメッセージCD	text	wms
189	お知らせ	text	wms
190	お知らせID	text	wms
191	カルチャID	text	wms
192	クラス名	text	wms
193	グループCD	text	wms
194	コントロールNo.	text	wms
195	サブレポートレイアウトID	text	wms
196	サブレポートレイアウトデータ	text	wms
197	システムID	text	wms
198	システムログID	text	wms
199	システム管理日付	date	wms
200	システム種別	text	wms
201	システム名称	text	wms
202	センタCD	text	wms
203	センタID	text	wms
204	センタ画面ID	text	wms
205	センタ項目ID	text	wms
206	センタ採番ID	text	wms
207	センタ取引先ID	text	wms
208	センタ名称	text	wms
209	センタ略称	text	wms
210	センタ列 ID	text	wms
211	ゾーンCD	text	wms
212	ゾーンID	text	wms
213	ゾーン名称	text	wms
214	チェックディジット	text	wms
215	デフォルトフラグ	text	wms
216	トークンID	text	wms
217	ピッキンググループNo.	text	wms
218	トランザクション保持期間	number	wms
219	トレイ情報	text	wms
220	トレイ名称	text	wms
221	バージョンNo.	text	wms
222	バッチNo.	text	wms
223	バッチ処理中フラグ	text	wms
224	ピッキング順序	number	wms
225	ピックロケフラグ	text	wms
226	フラグ1	text	wms
227	フラグ2	text	wms
228	フラグ3	text	wms
229	フラグ4	text	wms
230	フラグ5	text	wms
231	フラグ6	text	wms
232	プリンタID	text	wms
233	プリンタ属性ID	text	wms
234	プリンタ名称	text	wms
235	プリントキューID	text	wms
236	プログラムID	text	wms
237	プログラム名称	text	wms
238	メソッド名	text	wms
239	メッセージ	text	wms
240	メッセージCD	text	wms
241	メッセージID	text	wms
242	メッセージ略称	text	wms
243	メニュー		wms
244	メニューID	text	wms
245	メニューグループCD	text	wms
246	メニューグループID	text	wms
247	ユーザCD	text	wms
248	ユーザID	text	wms
249	ユーザ荷主ID	text	wms
250	ユーザ権限ID	text	wms
251	ユーザ倉庫ID	text	wms
252	ユーザ名称	text	wms
253	ログID	text	wms
254	ロググループID	text	wms
255	ロググループ名称	text	wms
256	ログステータス	text	wms
257	ログ種別	text	wms
258	ログ明細ID	text	wms
259	ログ明細グループID	text	wms
260	ログ明細グループ名称	text	wms
261	ログ明細ステータス	text	wms
262	ロケーションCD	text	wms
263	ロケーションID	text	wms
264	ロケーション種別	text	wms
265	ロケーション名称	text	wms
266	ロット	text	wms
267	ロットID	text	wms
268	ロットソート順		wms
269	ロット管理フラグ	text	wms
270	ロット逆転防止フラグ	text	wms
271	ワンタイムフラグ	text	wms
272	作業中数		wms
273	移動日		wms
274	印刷ステータス	text	wms
275	印刷確認要否	text	wms
276	引数CD	text	wms
277	引数ID	text	wms
278	引数型	text	wms
279	引数名	text	wms
280	引当可能数		wms
281	引当禁止フラグ		wms
282	引当済数		wms
283	引当指示ヘッダID		wms
284	引当指示ボディID		wms
285	引当順序	number	wms
286	運送業者CD		wms
287	運送業者ID		wms
288	運送業者名称		wms
289	運送業者略称		wms
290	横(mm)	number	wms
291	仮置きNo.		wms
292	荷材CD	text	wms
293	荷材ID		wms
294	荷材名称		wms
295	荷姿CD	text	wms
296	荷姿ID		wms
297	荷姿単位辞書ID		wms
298	荷姿名称辞書ID		wms
299	荷主CD	text	wms
300	荷主ID		wms
301	荷主センタID		wms
302	荷主画面ID		wms
303	荷主項目ID		wms
304	荷主取引先ID		wms
305	荷主名称	text	wms
306	荷主略称	text	wms
307	荷主列 ID		wms
308	貨物追跡No.		wms
309	画面CD	text	wms
310	画面ID		wms
311	画面権限ID		wms
312	開始日付	date	wms
313	外貨フラグ		wms
314	基本設定情報ID		wms
315	期限日		wms
316	期限日管理フラグ		wms
317	期限日逆転防止フラグ		wms
318	機能ID		wms
319	機能権限ID		wms
320	機能名		wms
321	機能名称		wms
322	起動ステータス		wms
323	起動情報ID		wms
324	旧郵便番号		wms
325	許可		wms
326	強制確定フラグ		wms
327	業務CD		wms
328	業務データ		wms
329	業務名称		wms
330	緊急フラグ		wms
331	区分値CD	text	wms
332	区分値ID	number	wms
333	区分値グループCD	text	wms
334	区分値グループID	number	wms
335	区分値グループ解説	text	wms
336	区分値グループ明細ID	number	wms
337	区分値解説	text	wms
338	区分値明細CD	text	wms
339	区分値明細ID	number	wms
340	桁数		wms
341	欠品フラグ		wms
342	検品フラグ		wms
343	権限ID		wms
344	権限名	text	wms
345	元入荷予定ヘッダID		wms
346	元入庫No.ID		wms
347	元入庫ラベルNo.		wms
348	現在値		wms
349	言語		wms
350	固定値		wms
351	固定日付フォーマット		wms
352	顧客出荷指示No.	text	wms
353	顧客入荷指示No.	text	wms
354	顧客発注No.	text	wms
355	更新プロセス		wms
356	更新ユーザ		wms
357	更新区分		wms
358	更新日時		wms
359	行No.	number	wms
360	項目CD	text	wms
361	項目ID		wms
362	項目型	text	wms
363	項目権限ID		wms
364	高さ(mm)	number	wms
365	梱包ヘッダID		wms
366	梱包ボディID		wms
367	梱包数	number	wms
368	最終ロットID		wms
369	最小値	number	wms
370	最小文字数	number	wms
371	最新出庫年月日		wms
372	最新入庫年月日		wms
373	最大値	number	wms
374	最大文字数	number	wms
375	採番ID		wms
376	在庫ID		wms
377	在庫移動指示ステータス		wms
378	在庫移動指示ヘッダID		wms
379	在庫移動指示ボディID		wms
380	在庫移動指示備考	text	wms
381	在庫移動実績ヘッダID		wms
382	在庫移動実績ボディID		wms
383	在庫移動実績数		wms
384	在庫区分CD	text	wms
385	在庫区分ID		wms
386	在庫受払ID		wms
387	在庫調整フラグ		wms
388	在庫有のみフラグ		wms
389	在庫履歴ID		wms
390	作業日		wms
391	削除フラグ		wms
392	削除保持期間	number	wms
393	仕入先CD	text	wms
394	仕入先ID		wms
395	仕入先フラグ		wms
396	仕入先名称		wms
397	使用可否		wms
398	市区町村		wms
399	市区町村カナ		wms
400	指示数	number	wms
401	指示日		wms
402	指定ロケーションCD	text	wms
403	指定ロケーションID		wms
404	指定ロケーション名称	text	wms
405	指定ロット	text	wms
406	指定ロットID		wms
407	指定荷姿CD	text	wms
408	指定荷姿ID		wms
409	指定荷姿名称		wms
410	指定期限日		wms
411	指定倉庫CD		wms
412	指定倉庫ID		wms
413	指定倉庫名称		wms
414	指定入庫No.ID		wms
415	指定入庫ラベルNo.		wms
416	指定入数	number	wms
417	指定預託CD		wms
418	指定預託ID		wms
419	指定預託名称		wms
420	時刻形式		wms
421	時刻差		wms
422	辞書ID		wms
423	辞書カルチャID		wms
424	辞書名	text	wms
425	取扱局		wms
426	取引先CD		wms
427	取引先ID		wms
428	取引先名称	text	wms
429	取引先略称	text	wms
430	種蒔きNo.	text	wms
431	受払数		wms
432	修正コード		wms
433	終了日付	date	wms
434	住所1		wms
435	住所2		wms
436	住所3		wms
437	縦(mm)	number	wms
438	出荷ステータス		wms
439	出荷フラグ		wms
440	出荷確定日		wms
441	出荷期限日数	number	wms
442	出荷限界期限日		wms
443	出荷梱包No.	text	wms
444	出荷指示ヘッダID		wms
445	出荷指示ボディID		wms
446	出荷数		wms
447	出荷停止フラグ		wms
448	出荷日		wms
449	出荷予定時刻		wms
450	出庫ステータス		wms
451	出庫フラグ		wms
452	出庫ヘッダID		wms
453	出庫ボディID		wms
454	出庫開始時刻		wms
455	出庫作業No.	text	wms
456	出庫作業メッセージ	text	wms
457	出庫指示バッチNo.	text	wms
458	出庫数	number	wms
459	出力形式		wms
460	発行帳票タイプ		wms
461	処理No.	text	wms
462	処理開始時間		wms
463	処理区分CD	text	wms
464	処理区分ID		wms
465	処理時間		wms
466	処理終了時間		wms
467	処理情報	text	wms
468	処理日		wms
469	初回在庫受払ID		wms
470	商品CD	text	wms
471	商品ID		wms
472	商品荷姿ID		wms
473	商品重量(g)	number	wms
474	商品名称	text	wms
475	商品略称	text	wms
476	小字		wms
477	小数桁数	number	wms
478	親メニューグループID	number	wms
479	数値区切り間隔		wms
480	数値区切り文字		wms
481	制限メッセージCD	text	wms
482	整数桁数	number	wms
483	積込リスト発行フラグ		wms
484	積込リスト発行者ID		wms
485	積込リスト発行日時		wms
486	積込予定時刻		wms
487	赤黒区分		wms
488	説明		wms
489	前回システム管理日付		wms
490	前回在庫受払ID		wms
491	前月作業中数		wms
492	前月引当可能数		wms
493	前月引当済数		wms
494	前日作業中数		wms
495	前日引当可能数		wms
496	前日引当済数		wms
497	全国地方公共団体コード		wms
498	全数出庫フラグ		wms
499	倉庫CD		wms
500	倉庫ID		wms
501	倉庫名称	text	wms
502	倉庫略称	text	wms
503	総重量(g)	number	wms
504	総容積(mm3)	number	wms
505	送り状データ出力フラグ		wms
506	送り状データ出力日時		wms
507	増分値		wms
508	属性	text	wms
509	大口事業所フラグ		wms
510	大口事業所名		wms
511	大口事業所名カナ		wms
512	棚卸ヘッダID		wms
513	棚卸ボディID		wms
514	棚卸作業リスト発行フラグ		wms
515	棚卸作業リスト発行者ID		wms
516	棚卸作業リスト発行日時		wms
517	棚卸指示ID		wms
518	棚卸数	number	wms
519	棚卸日		wms
520	棚卸入力履歴ID		wms
521	端末識別情報		wms
522	地域		wms
523	帳票CD		wms
524	帳票ID		wms
525	帳票レイアウトID		wms
526	帳票レイアウトデータ		wms
527	帳票レイアウトバージョン		wms
528	帳票レイアウトパターン		wms
529	帳票レイアウト名称		wms
530	帳票名		wms
531	町域		wms
532	町域カナ		wms
533	通貨		wms
534	通貨記号		wms
535	適用順序	number	wms
536	電話番号		wms
537	登録プロセス		wms
538	登録ユーザ		wms
539	登録日時		wms
540	都道府県		wms
541	都道府県カナ		wms
542	当月移動数－		wms
543	当月移動数＋		wms
544	当月出庫数		wms
545	当月調整数－		wms
546	当月調整数＋		wms
547	当月入庫数		wms
548	当日移動数－		wms
549	当日移動数＋		wms
550	当日出庫数		wms
551	当日調整数－		wms
552	当日調整数＋		wms
553	当日入庫数		wms
554	届先CD		wms
555	届先ID		wms
556	届先住所1	text	wms
557	届先住所2	text	wms
558	届先住所3	text	wms
559	届先住所補足		wms
560	届先単位No.	text	wms
561	届先電話番号	text	wms
562	届先名称	text	wms
563	届先郵便番号	text	wms
564	日付形式		wms
565	入荷ステータス		wms
566	入荷フラグ		wms
567	入荷期限日数	number	wms
568	入荷納品ステータス		wms
569	入荷予定ヘッダID		wms
570	入荷予定ボディID		wms
571	入荷予定リスト発行フラグ		wms
572	入荷予定リスト発行者ID		wms
573	入荷予定リスト発行日時		wms
574	入荷予定日		wms
575	入庫No.ID		wms
576	入庫No.マージフラグ		wms
577	入庫No.マージ区分		wms
578	入庫No.管理フラグ		wms
579	入庫ラベルNo.	text	wms
580	入庫格納フラグ		wms
581	入庫格納ロケーションCD		wms
582	入庫格納ロケーションID		wms
583	入庫格納ロケーション名称	text	wms
584	入庫実績ヘッダID		wms
585	入庫実績ヘッダ備考		wms
586	入庫実績ボディID		wms
587	入庫実績ボディ備考	text	wms
588	入庫数	number	wms
589	入庫日		wms
590	入出庫区分		wms
591	入数	number	wms
592	入力ファイル列位置	number	wms
593	入力区分		wms
594	入力日時		wms
595	納品指定日		wms
596	納品時間帯		wms
597	納品先CD	text	wms
598	納品先ID		wms
599	納品先フラグ		wms
600	納品先名称		wms
601	納品明細発行フラグ		wms
602	納品明細発行者ID		wms
603	納品明細発行日時		wms
604	納品予定日		wms
605	配送コースCD	text	wms
606	配送コースID		wms
607	配送コース名称		wms
608	配送リードタイム		wms
609	配送順	number	wms
610	必須	text	wms
611	表示位置	text	wms
612	表示可否	text	wms
613	表示順	number	wms
614	部単位印刷要否		wms
615	文字入力制限		wms
616	変更理由		wms
617	編集可否	text	wms
618	保管ロットID		wms
619	末日残数		wms
620	郵便番号	text	wms
621	郵便番号ID		wms
622	予定ロケーションCD	text	wms
623	予定ロケーションID		wms
624	予定ロット	text	wms
625	予定期限日		wms
626	予定仕入先CD	text	wms
627	予定仕入先ID		wms
628	予定数	number	wms
629	予定倉庫CD		wms
630	予定倉庫ID		wms
631	予定入庫ラベルNo.		wms
632	予定預託CD		wms
633	予定預託ID		wms
634	預託CD		wms
635	預託ID		wms
636	預託先フラグ		wms
637	預託名称		wms
638	容積(mm3)	number	wms
639	用紙情報		wms
640	用紙名称		wms
641	履歴日		wms
642	履歴保持期間	number	wms
643	列CD	text	wms
644	列ID		wms
645	列型		wms
646	列権限ID		wms
647	列順序	number	wms
648	列幅	number	wms
649	10日残引当可能数		wms
650	10日残引当済数		wms
651	10日残作業中数		wms
652	15日残引当可能数		wms
653	15日残引当済数		wms
654	15日残作業中数		wms
655	20日残引当可能数		wms
656	20日残引当済数		wms
657	20日残作業中数		wms
658	末日残引当可能数		wms
659	末日残引当済数		wms
660	末日残作業中数		wms
661	処理日時	datetime	wms
662	予定顧客入荷指示No.	text	wms
663	予定顧客発注No.	text	wms
664	社内入荷センタ		wms
665	社内入荷センタ名称		wms
666	元/着払/代引		wms
667	逆さま厳禁区分		wms
668	下積み厳禁区分		wms
669	在庫ケース数	number	wms
670	在庫ピース数	number	wms
671	在庫総数	number	wms
672	期限切れ在庫数	number	wms
673	期限切れ総在庫数	number	wms
674	次回入荷予定日	date	wms
675	次回入荷予定数	number	wms
676	ロケーションバーコード LabelSeal(44piece/A4)		wms
677	入庫日管理フラグ		wms
678	定期補充単位区分		wms
679	緊急補充単位区分		wms
680	緊急補充ロケ割付区分		wms
681	梱包計算処理区分		wms
682	詰め込み方		wms
683	商品毎別梱包		wms
684	梱包ステータス		wms
685	混載フラグ		wms
686	マルチピック計算区分		wms
687	削除データ表示		wms
688	期限日出荷制限フラグ		wms
689	ソースCD/商品CD	text	wms
690	緊急補充ゾーン補充荷姿		wms
691	緊急補充ゾーン補充荷姿CD	text	wms
692	緊急補充ゾーン補充荷姿名称		wms
693	補充商品CD未設定		wms
694	HT/SDケースピック使用フラグCD	text	wms
695	HT/SDケースピック使用フラグ名称	text	wms
696	ケースピックフラグ		wms
697	ケースピックフラグCD	text	wms
698	ケースピックフラグ名称	text	wms
699	ピッキング		wms
700	倉庫マスタメンテナンス		wms
701	ロケーションマスタ検索		wms
702	商品マスタメンテナンス(一覧)		wms
703	商品マスタメンテナンス(編集)		wms
704	新規		wms
705	修正		wms
706	郵便番号マスタメンテナンス(一覧)		wms
707	ロケーションマスタメンテナンス(一覧)		wms
708	配送コースマスタメンテナンス(一覧)		wms
709	納品先マスタ検索		wms
710	納品先略称	text	wms
711	荷材マスタメンテナンス		wms
712	荷主マスタメンテナンス		wms
713	仕入先マスタ検索		wms
714	仕入先略称	text	wms
715	センタマスタメンテナンス(一覧)		wms
716	配送コースマスタ検索		wms
717	取引先マスタメンテナンス(一覧)		wms
718	取引先マスタメンテナンス(編集)		wms
719	商品マスタ検索		wms
720	配送コースマスタメンテナンス(編集)		wms
721	行追加		wms
722	行削除		wms
723	登録		wms
724	運送業者		wms
725	ロット管理フラグ名称	text	wms
726	ロット逆転防止フラグ名称	text	wms
727	期限日管理フラグ名称	text	wms
728	期限日逆転防止フラグ名称	text	wms
729	入庫No.マージ区分名称	text	wms
730	出荷停止フラグ名称	text	wms
731	ロット管理フラグC		wms
732	Excel出力		wms
733	センタマスタメンテナンス(編集)		wms
734	入荷予定一括取込		wms
735	ロケーションバーコードリスト発行		wms
736	センタ		wms
737	倉庫		wms
738	ゾーン		wms
739	ロケーションCD(From)	text	wms
740	ロケーションCD(To)	text	wms
741	発行		wms
742	社内入荷センタCD	text	wms
743	荷主取引先CD	text	wms
744	ケース入数	number	wms
745	検索		wms
746	選択		wms
747	閉じる		wms
748	荷主		wms
749	運送業者マスタメンテナンス(一覧)		wms
750	Excelアップロード		wms
751	処理区分		wms
752	処区		wms
753	予定倉庫		wms
754	大口事業所フラグCD	text	wms
755	大口事業所フラグ名称	text	wms
756	ロケーション種別名称	text	wms
757	引当禁止フラグ名称	text	wms
758	ロケーション種別CD	text	wms
759	引当禁止フラグCD	text	wms
760	ロット管理フラグCD	text	wms
761	ロット逆転防止フラグCD	text	wms
762	期限日管理フラグCD	text	wms
763	期限日逆転防止フラグCD	text	wms
764	入庫No.マージ区分CD	text	wms
765	出荷停止フラグCD	text	wms
766	納品先フラグCD	text	wms
767	納品先フラグ名称	text	wms
768	仕入先フラグCD	text	wms
769	仕入先フラグ名称	text	wms
770	ワンタイムフラグCD	text	wms
771	ワンタイムフラグ名称	text	wms
772	預託先フラグCD	text	wms
773	預託先フラグ名称	text	wms
774	No.	number	wms
775	ファイル取込		wms
776	預託		wms
777	在庫区分		wms
778	在区		wms
779	商品		wms
780	比較条件差異		wms
781	ピース以上		wms
782	ケース以上		wms
783	棚卸差異リスト発行		wms
784	入荷予定日(From)	date	wms
785	入荷予定日(To)	date	wms
786	発行状況		wms
787	入荷予定入力		wms
788	入荷実績入力(予定なし)		wms
789	入荷日		wms
790	ロケーション	text	wms
791	入庫ケース数	number	wms
792	入庫バラ数	number	wms
793	総入庫数		wms
794	入荷取消		wms
795	伝票別入荷一覧		wms
796	入荷削除		wms
797	入荷予定リスト		wms
798	商品別入荷予定一覧		wms
799	入荷予定削除		wms
800	入荷予定修正		wms
801	エラーチェック		wms
802	入荷実績入力		wms
803	入荷ステータス名称	text	wms
804	入荷納品ステータス名称	text	wms
805	明細行数		wms
806	予定数合計		wms
807	入庫数合計		wms
808	エラーメッセージ		wms
809	入荷未完了一覧		wms
810	入荷日(From)		wms
811	入荷日(To)		wms
812	指示		wms
813	元WMS入荷伝票No.	text	wms
814	処理区分名称	text	wms
815	総予定数		wms
816	予定ケース数	number	wms
817	予定バラ数	number	wms
818	入荷予定リスト発行		wms
819	削除		wms
820	配送コース別出荷一覧		wms
821	出荷日(To)		wms
822	出荷日(From)		wms
823	未出荷全件		wms
824	納品先件数		wms
825	出荷状況名称		wms
826	伝票枚数		wms
827	行数		wms
828	アイテム数		wms
829	引当数		wms
830	個口数	number	wms
831	重量(グロス)(g)		wms
832	一次ピッキングリスト発行(％)	number	wms
833	二次ピッキングリスト発行(％)	number	wms
834	出荷検品(％)	number	wms
835	送り状データ出力(％)	number	wms
836	納品明細発行(％)	number	wms
837	出荷確定(％)	number	wms
838	出庫指示		wms
839	出庫指示解除		wms
840	積込リスト		wms
841	進捗率表示切替(ピース⇔行数)		wms
842	出庫指示一覧		wms
843	ゾーンマスタメンテナンス		wms
844	仕入先	text	wms
845	入庫ラベル発行		wms
846	作業日/出荷日		wms
847	日付(From)		wms
848	日付(To)		wms
849	梱包明細修正		wms
850	荷材No.		wms
851	荷材		wms
852	投入数	number	wms
853	アイテム別梱包状況・出荷指示数		wms
854	アイテム別梱包状況・投入数		wms
855	アイテム別梱包状況・差異数		wms
856	変更		wms
857	配送指定日	date	wms
858	納品指定時間		wms
859	追加・更新		wms
860	在庫受払問合せ		wms
861	処理日(From)	date	wms
862	処理日(To)	date	wms
863	期限日(From)		wms
864	期限日(To)		wms
865	在庫区分名称	text	wms
866	前残数		wms
867	受入数	number	wms
868	払出数	number	wms
869	当日在庫数	number	wms
870	ソート順	number	wms
871	商品別出荷一覧		wms
872	商品別出荷一覧(参照)		wms
873	棚卸データ作成		wms
874	棚卸入力(行追加)		wms
875	棚卸入力		wms
876	在庫問合せ		wms
877	在庫表示内容		wms
878	日付		wms
879	期限日数	number	wms
880	引当可能数 0非表示		wms
881	出荷検品		wms
882	棚卸作業リスト発行		wms
883	在庫表示		wms
884	棚卸履歴検索		wms
885	棚卸日(From)		wms
886	棚卸日(To)		wms
887	作業日/出荷日(日付一括変更)		wms
888	日付(日付一括変更)		wms
889	選択行更新(日付一括変更)		wms
890	選択行更新(郵便番号一括変更)		wms
891	配送コース(配送コース一括変更)		wms
892	選択行更新(配送コースCD一括変更)		wms
893	指示入力		wms
894	指示修正		wms
895	指示明細		wms
896	出荷検品済		wms
897	出荷確定済		wms
898	確定		wms
899	調整前数量		wms
900	調整後数量		wms
901	調整数量	number	wms
902	在庫調整		wms
903	合計口数		wms
904	検品数	number	wms
905	検数	number	wms
906	検品済数	number	wms
907	総検品数		wms
908	検品済総数		wms
909	箱登録		wms
910	クリア		wms
911	預託在庫区分		wms
912	ステータス		wms
913	出荷ステータス名称	text	wms
914	納品時間帯CD	text	wms
915	納品時間帯名称	text	wms
916	トータルピッキングリスト発行		wms
917	オーダーピッキングリスト発行		wms
918	種蒔きリスト発行		wms
919	摘み取りリスト発行		wms
920	送り状データ出力		wms
921	ヘッダエラー内容		wms
922	明細エラー内容		wms
923	納品先出荷停止フラグ		wms
924	商品出荷停止フラグ		wms
925	ピッキングリスト		wms
926	出庫作業メッセージ登録		wms
927	出荷指示キャンセル		wms
928	エラーデータ削除		wms
929	期限切れ		wms
930	前日残	number	wms
931	当日残		wms
932	出荷確定一覧		wms
933	未確定のみ表示		wms
934	出荷確定解除		wms
935	棚卸前引当可能数	number	wms
936	棚卸前引当済数	number	wms
937	棚卸前作業中数	number	wms
938	棚卸前ケース数	number	wms
939	棚卸前ピース数	number	wms
940	現時点引当可能数	number	wms
941	現時点引当済数	number	wms
942	現時点作業中数	number	wms
943	現時点調整可能数	number	wms
944	現時点ケース数	number	wms
945	現時点ピース数	number	wms
946	棚卸数量	number	wms
947	棚卸ケース数	number	wms
948	棚卸ピース数	number	wms
949	棚卸差異数	number	wms
950	入力者		wms
951	入力時間		wms
952	棚卸調整入力		wms
953	棚卸在庫一括更新		wms
954	棚卸入力有		wms
955	アンマッチ有		wms
956	仕入先名称CD	text	wms
957	入庫No.	text	wms
958	伝票数		wms
959	総ピース数		wms
960	伝枚		wms
961	入荷実績入力(予定あり)		wms
962	ピッキング(％)	number	wms
963	商品別入荷一覧		wms
964	入庫格納ロケーション		wms
965	HT検品完了日時		wms
966	HT検品担当者		wms
967	入荷計上日時		wms
968	入庫ラベル発行日時		wms
969	枚数	number	wms
970	汎用ラベル発行		wms
971	エラー有		wms
972	欠品		wms
973	在庫数	number	wms
974	総在庫数	number	wms
975	移動先総在庫数	number	wms
976	移動数	number	wms
977	預託(From)		wms
978	在庫区分(From)		wms
979	預託(To)		wms
980	在庫区分(To)		wms
981	検品残数	number	wms
982	個口番号		wms
983	単重量(グロス)(g)	number	wms
984	総重量(グロス)(g)	number	wms
985	数量入力		wms
986	追加		wms
987	在庫一括更新		wms
988	出荷指示一括取込		wms
989	エラー内容		wms
990	積込リスト発行		wms
991	発行区分		wms
992	在庫移動		wms
993	ケース数	number	wms
994	配送コース		wms
995	配送C		wms
996	出荷指示明細		wms
997	実績訂正		wms
998	出荷期限管理一覧		wms
999	前月残		wms
1000	出荷期限日		wms
1001	納品明細発行		wms
1002	日次締処理		wms
1003	システム管理日付(翌稼働日)		wms
1004	締切		wms
1005	出荷指示入力		wms
1006	出荷実績訂正		wms
1007	ピッキングリスト発行		wms
1008	納品先		wms
1009	リスト発行区分		wms
1010	リスト発行区分(一次ピッキング)		wms
1011	リスト発行区分(二次ピッキング)		wms
1012	ピース数	number	wms
1013	行選択		wms
1014	行解除		wms
1015	出荷実績入力(予定なし)		wms
1016	納品明細リスト発行		wms
1017	容積		wms
1018	重量	number	wms
1019	予定仕入先名称	text	wms
1020	予定仕入先略称	text	wms
1021	予定預託名称	text	wms
1022	予定預託		wms
1023	区分値マスタメンテナンス(一覧)		wms
1024	カルチャ	text	wms
1025	カルチャ別 辞書名	text	wms
1026	タイムゾーン	text	wms
1027	タイムゾーンCD	text	wms
1028	HTカルチャ名		wms
1029	辞書カルチャマスタメンテナンス		wms
1030	HT辞書カルチャマスタメンテナンス		wms
1031	HT辞書カルチャマスタメンテナンスグリッド		wms
1032	カルチャCD	text	wms
1033	カルチャ名	text	wms
1034	権限グループ		wms
1035	権限グループCD	text	wms
1036	権限グループ名	text	wms
1037	ユーザマスタメンテナンス(一覧)		wms
1038	ユーザマスタメンテナンス(編集)		wms
1039	画面グリッド修正		wms
1040	区分値グループマスタメンテナンス(編集)		wms
1041	辞書マスタメンテナンス		wms
1042	HT辞書マスタメンテナンス		wms
1043	HT辞書マスタメンテナンスグリッド		wms
1044	HT辞書名(変更前)		wms
1045	HT辞書名		wms
1046	辞書名(変更前)	text	wms
1047	データ型		wms
1048	入力文字制限	text	wms
1049	メニューマスタメンテナンス(一覧)		wms
1050	処理開始日時	datetime	wms
1051	処理終了日時	datetime	wms
1052	プログラム	text	wms
1053	プログラムCD	text	wms
1054	ロググループCD	text	wms
1055	属性3		wms
1056	属性3CD		wms
1057	属性3名称		wms
1058	属性4		wms
1059	属性4CD		wms
1060	属性4名称		wms
1061	属性5		wms
1062	属性5CD		wms
1063	属性5名称		wms
1064	自動検索		wms
1065	明細		wms
1066	ログ一覧		wms
1067	ログ明細一覧		wms
1068	予定ロケーション名称	text	wms
1069	お知らせマスタメンテナンス		wms
1070	お知らせ日(From)	date	wms
1071	お知らせ日(To)	date	wms
1072	終了したお知らせの表示		wms
1073	お知らせ内容	text	wms
1074	システム種別CD	text	wms
1075	権限		wms
1076	画面		wms
1077	項目名	text	wms
1078	権限別 表示可否	text	wms
1079	権限別 編集可否	text	wms
1080	画面項目権限マスタメンテナンス(編集)		wms
1081	在庫受払 0非表示		wms
1082	権限マスタメンテナンス(一覧)		wms
1083	権限CD	text	wms
1084	権限グループマスタメンテナンス(編集)		wms
1085	実績顧客発注No.		wms
1086	ログ明細セクション名称	text	wms
1087	センタ・荷主別画面マスタメンテナンス		wms
1088	センタ・荷主区分		wms
1089	センタ・荷主		wms
1090	画面名	text	wms
1091	センタ・荷主別 画面名	text	wms
1092	センタ・荷主別 表示可否		wms
1093	修正(画面)		wms
1094	修正(項目)		wms
1095	修正(グリッド)		wms
1096	システム		wms
1097	運用		wms
1098	権限マスタメンテナンス(編集)		wms
1099	権限グループマスタメンテナンス(一覧)		wms
1100	全選択		wms
1101	全解除		wms
1102	実績数		wms
1103	画面グリッド権限マスタメンテナンス(編集)		wms
1104	センタ・荷主別画面項目マスタメンテナンス		wms
1105	センタ・荷主別 項目名	text	wms
1106	センタ・荷主別 編集可否		wms
1107	センタ・荷主別 必須		wms
1108	作業日(From)		wms
1109	作業日(To)		wms
1110	データ種別		wms
1111	データ出力		wms
1112	配送コース略称	text	wms
1113	区分値グループ修正		wms
1114	区分値グループ明細修正		wms
1115	区分値グループ明細マスタメンテナンス(編集)		wms
1116	区分値明細名	text	wms
1117	画面項目マスタメンテナンス(編集)		wms
1118	画面グリッドマスタメンテナンス(編集)		wms
1119	画面マスタメンテナンス(一覧)		wms
1120	基盤マスタ		wms
1121	修正(グループ)		wms
1122	修正(グループ明細)		wms
1123	システム種別名称	text	wms
1124	区分値マスタメンテナンス(編集)		wms
1125	メニューグループ名	text	wms
1126	親メニューグループ	text	wms
1127	メニューマスタメンテナンス(編集)		wms
1128	Page:		wms
1129	センタ:		wms
1130	倉庫:		wms
1131	ゾーン:		wms
1132	再		wms
1133	入荷総数		wms
1134	確認		wms
1135	総合計(予定)		wms
1136	総合計(実績)		wms
1137	汎用ラベル		wms
1138	入庫ラベル		wms
1139	推奨		wms
1140	ロケ	text	wms
1141	数量	number	wms
1142	ピック		wms
1143	合計		wms
1144	納品明細		wms
1145	納品先別 PAGE:		wms
1146	TEL:		wms
1147	出荷ピース数		wms
1148	列名	text	wms
1149	センタ・荷主別画面グリッドマスタメンテナンス		wms
1150	センタ・荷主別 列名	text	wms
1151	総合計		wms
1152	出荷総数		wms
1153	オーダーピッキングリスト		wms
1154	摘み取りリスト		wms
1155	(ピックロケ)		wms
1156	種蒔きリスト		wms
1157	トータルピッキングリスト		wms
1158	品名		wms
1159	(ケース)		wms
1160	(ピース)		wms
1161	棚卸差異リスト		wms
1162	差異数		wms
1163	総バラ数		wms
1164	棚卸作業リスト		wms
1165	ピース		wms
1166	ps		wms
1167	ボール		wms
1168	bl		wms
1169	ケース		wms
1170	cs		wms
1171	グラム		wms
1172	g		wms
1173	お知らせマスタリスト		wms
1174	ログ一覧リスト		wms
1175	ログ明細一覧リスト		wms
1176	ユーザマスタ一覧リスト		wms
1177	荷主リスト		wms
1178	センタリスト		wms
1179	センタ・荷主別画面マスタメンテナンスリスト		wms
1180	センタ・荷主別画面項目マスタメンテナンスリスト		wms
1181	センタ・荷主別画面グリッドマスタメンテナンスリスト		wms
1182	権限グループマスタ一覧リスト		wms
1183	権限グループマスタメンテナンスリスト		wms
1184	権限マスタ一覧リスト		wms
1185	権限マスタメンテナンスリスト		wms
1186	画面項目権限マスタメンテナンスリスト		wms
1187	画面グリッド権限マスタメンテナンスリスト		wms
1188	列名称	text	wms
1189	メッセージマスタメンテナンス		wms
1190	HTメッセージマスタメンテナンス		wms
1191	HTメッセージマスタメンテナンスグリッド		wms
1192	HTメッセージ	text	wms
1193	明細分割		wms
1194	分割解除		wms
1195	荷姿		wms
1196	入庫日(From)	date	wms
1197	入庫日(To)	date	wms
1198	予定処理区分CD	text	wms
1199	予定処理区分名称	text	wms
1200	在庫調整(新規)		wms
1201	欠品数	number	wms
1202	メニュー表示名	text	wms
1203	進捗率		wms
1204	進捗率＜ピース＞		wms
1205	進捗率＜行数＞		wms
1206	進捗率＜ステータス＞		wms
1207	商品別入荷ステータス	text	wms
1208	商品別入荷ステータス名称	text	wms
1209	郵便番号マスタ検索		wms
1210	削除フラグCD	text	wms
1211	削除フラグ名称	text	wms
1212	ヘルプ		wms
1213	ご利用の手引き		wms
1214	操作マニュアル(共通操作編)		wms
1215	操作マニュアル(共通操作編)(日本語)		wms
1216	操作マニュアル(共通操作編)(英語)		wms
1217	操作マニュアル(共通操作編)(中国語)		wms
1218	操作マニュアル(PC編)		wms
1219	操作マニュアル(PC編)(日本語)		wms
1220	操作マニュアル(PC編)(英語)		wms
1221	操作マニュアル(PC編)(中国語)		wms
1222	操作マニュアル(HT編)		wms
1223	操作マニュアル(HT編)(日本語)		wms
1224	操作マニュアル(SD編)		wms
1225	操作マニュアル(SD編)(日本語)		wms
1226	操作マニュアル(ヘルプ編)		wms
1227	操作マニュアル(ヘルプ編)(日本語)		wms
1228	操作マニュアル(ヘルプ編)(英語)		wms
1229	操作マニュアル(ヘルプ編)(中国語)		wms
1230	入荷予定一括取込用Excelダウンロード		wms
1231	入荷予定一括取込用Excelダウンロード(英語)		wms
1232	出荷指示一括取込用Excelダウンロード		wms
1233	出荷指示一括取込用Excelダウンロード(英語)		wms
1234	商品マスタ一括取込用Excelダウンロード		wms
1235	商品マスタ一括取込用Excelダウンロード(英語)		wms
1236	取引先マスタ一括取込用Excelダウンロード		wms
1237	取引先マスタ一括取込用Excelダウンロード(英語)		wms
1238	ロケーションマスタ一括取込用Excelダウンロード		wms
1239	ロケーションマスタ一括取込用Excelダウンロード(英語)		wms
1240	ゾーンマスタ一括取込用Excelダウンロード		wms
1241	ゾーンマスタ一括取込用Excelダウンロード(英語)		wms
1242	商品荷姿マスタ一括取込用Excelダウンロード		wms
1243	商品荷姿マスタ一括取込用Excelダウンロード(英語)		wms
1244	未確定		wms
1245	在庫変更あり		wms
1246	送り状データ種別		wms
1247	商品マスタ一括取込		wms
1248	商品マスタ一括取込グリッド		wms
1249	送り状データ種別名称		wms
1250	初期データ取込		wms
1251	初期データ取込方法		wms
1252	ダウンロードデータ出力条件		wms
1253	コミット区分		wms
1254	コミット単位		wms
1255	ワーク取込		wms
1256	データ移行		wms
1257	ダウンロード		wms
1258	操作マニュアル(EC受注編)		wms
1259	操作マニュアル(EC受注編)(日本語)		wms
1260	操作マニュアル(荷札用紙設定編)		wms
1261	操作マニュアル(荷札用紙設定編)(日本語)		wms
1262	(非表示項目)		wms
1263	出荷検品解除		wms
1264	取引先マスタ一括取込		wms
1265	取引先マスタ一括取込グリッド		wms
1266	指定倉庫		wms
1267	センタ別区分値マスタメンテナンス(一覧)		wms
1268	センタ別区分値マスタメンテナンス(編集)		wms
1269	センタ別区分値グループマスタメンテナンス(編集)		wms
1270	センタ別区分値グループ明細マスタメンテナンス(編集)		wms
1271	帳票レイアウトマスタメンテナンス(一覧)		wms
1272	帳票		wms
1273	修正(サブレポート)		wms
1274	初期データ取込種別		wms
1275	実行		wms
1276	帳票レイアウトマスタメンテナンス(編集)		wms
1277	項目書式		wms
1278	初期データ取込区分		wms
1279	入庫ラベルNo.(From)	text	wms
1280	入庫ラベルNo.(To)	text	wms
1281	入荷期限日	text	wms
1282	入荷期限切れ	text	wms
1283	引当ソートキー1	text	wms
1284	引当ソートキー2	text	wms
1285	引当ソートキー3	text	wms
1286	引当ソートキー4	text	wms
1287	引当ソートキー5	text	wms
1288	引当ソートキー6	text	wms
1289	引当ソートキー7	text	wms
1290	引当ソートキー8	text	wms
1291	HT/SD過入荷可フラグ		wms
1292	HT/SD過去日入力可フラグ		wms
1293	EC受注ヘッダコピー列名	text	wms
1294	EC受注ボディコピー列名	text	wms
1295	入力		wms
1296	入庫No.分割表示		wms
1297	処理区分マスタメンテナンス		wms
1298	在庫区分マスタメンテナンス		wms
1299	搬送ラベル発行		wms
1300	定点	number	wms
1301	搬送ラベル		wms
1302	パラメータマスタメンテナンス(編集)		wms
1303	ヤマト送り状マスタメンテナンス(編集)		wms
1304	文字コードCD		wms
1305	文字コード名称		wms
1306	送り状種別CD		wms
1307	送り状種別名称		wms
1308	クール区分CD		wms
1309	クール区分名称		wms
1310	個数口表示フラグ名称		wms
1311	佐川送り状マスタメンテナンス(編集)		wms
1312	荷姿コードCD		wms
1313	荷姿コード名称		wms
1314	便種(スピードで選択)CD		wms
1315	便種(商品)CD		wms
1316	決済種別CD		wms
1317	指定シール1CD		wms
1318	指定シール2CD		wms
1319	指定シール3CD		wms
1320	元着区分CD		wms
1321	便種(スピードで選択)名称		wms
1322	便種(商品)名称		wms
1323	決済種別名称		wms
1324	指定シール1名称		wms
1325	指定シール2名称		wms
1326	指定シール3名称		wms
1327	元着区分名称		wms
1328	入庫No.管理フラグ名称		wms
1329	HT/SD過入荷可フラグ名称		wms
1330	入庫日管理フラグ名称		wms
1331	ボール荷姿名称		wms
1332	ピース荷姿名称		wms
1333	マルチピック計算区分名称		wms
1334	定期補充単位名称		wms
1335	緊急補充単位名称		wms
1336	緊急補充倉庫名称		wms
1337	緊急補充ゾーン名称		wms
1338	緊急補充ロケ割付方法名称		wms
1339	梱包計算処理区分名称		wms
1340	詰込区分名称		wms
1341	商品毎別梱包名称		wms
1342	梱包荷材グループ名称		wms
1343	ケース荷姿名称		wms
1344	HT/SD過去日入力可フラグ名称		wms
1345	入庫日管理フラグCD		wms
1346	ケース荷姿CD	text	wms
1347	ボール荷姿CD	text	wms
1348	ピース荷姿CD	text	wms
1349	マルチピック計算区分CD		wms
1350	定期補充単位CD		wms
1351	緊急補充単位CD		wms
1352	緊急補充倉庫CD		wms
1353	緊急補充ゾーンCD		wms
1354	緊急補充ロケ割付方法CD		wms
1355	梱包計算処理区分CD		wms
1356	詰込区分CD		wms
1357	商品毎別梱包CD		wms
1358	梱包荷材グループCD		wms
1359	引当ソートキー1名称		wms
1360	引当ソートキー2名称		wms
1361	引当ソートキー3名称		wms
1362	引当ソートキー4名称		wms
1363	引当ソートキー5名称		wms
1364	引当ソートキー6名称		wms
1365	引当ソートキー7名称		wms
1366	引当ソートキー8名称		wms
1367	引当ソートキー1CD		wms
1368	引当ソートキー2CD		wms
1369	引当ソートキー3CD		wms
1370	引当ソートキー4CD		wms
1371	引当ソートキー5CD		wms
1372	引当ソートキー6CD		wms
1373	引当ソートキー7CD		wms
1374	引当ソートキー8CD		wms
1375	入庫No.管理フラグCD		wms
1376	HT/SD過入荷可フラグCD		wms
1377	HT/SD過去日入力可フラグCD		wms
1378	ゆうパック送り状マスタメンテナンス(編集)		wms
1379	郵便種別CD		wms
1380	郵便種別名称		wms
1381	保冷種別CD		wms
1382	元/着払/代引CD		wms
1383	逆さま厳禁区分CD		wms
1384	下積み厳禁区分CD		wms
1385	保冷種別名称		wms
1386	元/着払/代引名称		wms
1387	逆さま厳禁区分名称		wms
1388	下積み厳禁区分名称		wms
1389	補充商品CD		wms
1390	ピックロケフラグ名称		wms
1391	補充点荷姿CD	text	wms
1392	最大格納数商品荷姿CD	text	wms
1393	補充荷主CD	text	wms
1394	補充荷主名称		wms
1395	補充在庫区分CD		wms
1396	補充在庫区分名称		wms
1397	補充預託CD		wms
1398	補充預託名称		wms
1399	補充点荷姿名称		wms
1400	最大格納数商品荷姿名称		wms
1401	エラーのみ表示		wms
1402	エラー処理方法		wms
1403	補充在庫区分		wms
1404	補充預託		wms
1405	郵便番号マスタメンテナンス(編集)		wms
1406	ロケーションマスタメンテナンス(編集)		wms
1407	ロケーションマスタ一括取込		wms
1408	データ種別名称		wms
1409	送り状種別		wms
1410	クール区分		wms
1411	敬称		wms
1412	ご依頼主電話番号		wms
1413	ご依頼主郵便番号		wms
1414	ご依頼主住所(都道府県)		wms
1415	ご依頼主住所(市区郡町村)		wms
1416	ご依頼主住所(町域)		wms
1417	ご依頼主住所(アパートマンション名)		wms
1418	ご依頼主名		wms
1419	品名コード1		wms
1420	品名1		wms
1421	品名コード2		wms
1422	品名2		wms
1423	荷扱い1		wms
1424	荷扱い2		wms
1425	ご請求先顧客コード		wms
1426	運賃管理番号		wms
1427	お客様コード		wms
1428	部署・担当者		wms
1429	荷送人電話番号		wms
1430	ご依頼主住所1		wms
1431	ご依頼主住所2		wms
1432	ご依頼主名称1		wms
1433	ご依頼主名称2		wms
1434	荷姿コード		wms
1435	品名3		wms
1436	品名4		wms
1437	品名5		wms
1438	便種(スピードで選択)		wms
1439	便種(商品)		wms
1440	決済種別		wms
1441	指定シール1		wms
1442	指定シール2		wms
1443	指定シール3		wms
1444	元着区分		wms
1445	郵便種別		wms
1446	保冷種別		wms
1447	ご依頼主住所3		wms
1448	ご依頼主メールアドレス1		wms
1449	商品サイズ区分		wms
1450	商品番号(明細)		wms
1451	品名(明細)		wms
1452	商品種別コード		wms
1453	ゆうびんビズカードお客さま番号		wms
1454	発送会社コード		wms
1455	発送局コード		wms
1456	個数口表示フラグ		wms
1457	記事		wms
1458	積送中ケース数	number	wms
1459	積送中ピース数	number	wms
1460	積送中総数	number	wms
1461	積送中数	number	wms
1462	ヤマト送り状マスタメンテナンス(一覧)		wms
1463	佐川送り状マスタメンテナンス(一覧)		wms
1464	ゆうパック送り状マスタメンテナンス(一覧)		wms
1465	トータル在庫問合せ		wms
1466	トータル在庫問合せ(参照)		wms
1467	定点切れ		wms
1468	在庫数 0非表示		wms
1469	予定在庫区分CD		wms
1470	予定在庫区分名称		wms
1471	セット組指示		wms
1472	親商品	text	wms
1473	構成総数		wms
1474	指示数量	number	wms
1475	セット解除指示		wms
1476	行コピー		wms
1477	解除		wms
1478	親商品CD	text	wms
1479	親商品名称	text	wms
1480	親商品略称	text	wms
1481	構成品CD	text	wms
1482	構成品名称	text	wms
1483	構成品略称	text	wms
1484	セット品構成マスタメンテナンス(編集)		wms
1485	セット入数	number	wms
1486	在庫移動一覧		wms
1487	指示日(From)	date	wms
1488	指示日(To)	date	wms
1489	在庫移動指示明細		wms
1490	セット品構成マスタメンテナンス(一覧)		wms
1491	在庫移動ステータスCD		wms
1492	在庫移動ステータス名称		wms
1493	指示出庫総数		wms
1494	指示入庫総数		wms
1495	在庫移動指示ステータスCD		wms
1496	在庫移動指示ステータス名称		wms
1497	セット組指示書		wms
1498	構成数		wms
1499	セット解除指示書		wms
1500	セット組指示書発行		wms
1501	セット解除指示書発行		wms
1502	在庫親商品明細		wms
1503	解除指示入力明細		wms
1504	構成品情報明細		wms
1505	在庫情報明細		wms
1506	指示書		wms
1507	出庫作業No./出荷梱包No.	text	wms
1508	補充指示一覧		wms
1509	補充先倉庫		wms
1510	補充先ゾーン		wms
1511	補充先ロケーションCD(From)	text	wms
1512	補充先ロケーションCD(To)	text	wms
1513	補充点	number	wms
1514	補充指示		wms
1515	補充先ロケーション名称		wms
1516	補充元在庫数	number	wms
1517	補充先在庫数	number	wms
1518	補充指示済数	number	wms
1519	単位		wms
1520	最大格納数	number	wms
1521	補充指示数	number	wms
1522	ケース荷姿		wms
1523	ボール荷姿		wms
1524	ピース荷姿		wms
1525	バケット列数	number	wms
1526	バケット段数	number	wms
1527	定期補充単位		wms
1528	緊急補充単位		wms
1529	緊急補充倉庫		wms
1530	緊急補充ゾーン		wms
1531	緊急補充ロケ割付方法		wms
1532	詰込区分		wms
1533	梱包荷材グループ		wms
1534	ケースピッキングリスト		wms
1535	マルチピッキングリスト		wms
1536	荷姿マスタメンテナンス		wms
1537	荷姿名称		wms
1538	GTIN14シンボル		wms
1539	荷姿単位		wms
1540	商品荷姿マスタ一括取込		wms
1541	【在庫最小単位】縦(mm)	text	wms
1542	【在庫最小単位】横(mm)	text	wms
1543	【在庫最小単位】高さ(mm)	text	wms
1544	【在庫最小単位】容積(mm3)	text	wms
1545	【在庫最小単位】商品重量(g)	text	wms
1546	【在庫最小単位】商品総重量(g)	text	wms
1547	容積率(%)	number	wms
1548	許容容積(mm3)	number	wms
1549	許容重量(g)	number	wms
1550	補充商品	text	wms
1551	補充商品名称	text	wms
1552	補充点荷姿		wms
1553	最大格納数商品荷姿		wms
1554	荷材グループマスタメンテナンス(一覧)		wms
1555	荷材グループマスタメンテナンス(編集)		wms
1556	荷材グループCD	text	wms
1557	荷材グループ名称	text	wms
1558	基準荷材CD	text	wms
1559	基準荷材名称	text	wms
1560	ケース化		wms
1561	ALL PAGE:		wms
1562	帳票レイアウトマスタコピー		wms
1563	緊急出荷有り		wms
1564	台車No.		wms
1565	オーダー別数量		wms
1566	A		wms
1567	B		wms
1568	C		wms
1569	D		wms
1570	E		wms
1571	F		wms
1572	コピー		wms
1573	定期補充ラベル		wms
1574	緊急補充ラベル		wms
1575	マルチピッキングリスト発行		wms
1576	ケースピッキングリスト発行		wms
1577	出荷ステータス別進捗	text	wms
1578	出荷ステータス別伝票数	text	wms
1579	出荷ステータス別出荷数	text	wms
1580	入荷ステータス別進捗	text	wms
1581	入荷ステータス別伝票数		
1582	入荷ステータス別入荷数	text	wms
1583	指示元バッチNo.	text	wms
1584	指示出庫ケース数	text	wms
1585	指示出庫ピース数	text	wms
1586	指示入庫ケース数	text	wms
1587	指示入庫ピース数	text	wms
1588	出庫ロケーション名称	text	wms
1589	入庫ロケーション名称	text	wms
1590	指示ケース数	text	wms
1591	指示ピース数	text	wms
1592	指示総数	text	wms
1593	移動元入庫ラベルNo.	text	wms
1594	フラグ1CD		wms
1595	フラグ2CD		wms
1596	フラグ3CD		wms
1597	フラグ4CD		wms
1598	フラグ5CD		wms
1599	フラグ6CD		wms
1600	更新区分CD		wms
1601	変更理由CD		wms
1602	修正コードCD		wms
1603	混載フラグ名称		wms
1604	在庫管理		wms
1605	マルチピッキング		wms
1606	在庫補充		wms
1607	梱包計算		wms
1608	商品ラベル出力単位CD		wms
1609	商品ラベル出力単位名称		wms
1610	実績入力後入庫/商品ラベル出力フラグCD		wms
1611	実績入力後入庫/商品ラベル出力フラグ名称		wms
1612	商品ラベルソースCDバーコード種別CD		wms
1613	商品ラベルソースCDバーコード種別名称		wms
1614	商品ラベル商品CDバーコード種別CD		wms
1615	商品ラベル商品CDバーコード種別名称		wms
1616	商品ラベルバーコードソースCDスタートビット		wms
1617	商品ラベルバーコードソースCDエンドビット		wms
1618	荷材選択スキップCD		wms
1619	荷材選択スキップ名称		wms
1620	デフォルト荷材CD		wms
1621	デフォルト荷材名称		wms
1622	商品ラベル出力単位		wms
1623	実績入力後入庫/商品ラベル出力フラグ		wms
1624	商品ラベルソースCDバーコード種別		wms
1625	商品ラベル商品CDバーコード種別		wms
1626	荷材選択スキップ		wms
1627	デフォルト荷材		wms
1628	商品ラベル		wms
1629	入庫/商品ラベル出力		wms
1630	出力枚数指定		wms
1631	バーコードラベル一括出力		wms
1632	備考		wms
1633	バーコード種別		wms
1634	出力枚数		wms
1635	スタートビット		wms
1636	エンドビット		wms
1637	バーコード		wms
1638	バーコード名称		wms
1639	バーコードラベル一括出力用Excelダウンロード		wms
1640	画面マスタコピー		wms
1641	権限マスタコピー		wms
1642	商品ラベルバーコード商品CDスタートビット		wms
1643	商品ラベルバーコード商品CDエンドビット		wms
1644	検品後荷札出力フラグ		wms
1645	検品後荷札出力フラグCD	text	wms
1646	検品後荷札出力フラグ名称	text	wms
1647	荷札納品書在中出力フラグ		wms
1648	荷札納品書在中出力フラグCD	text	wms
1649	荷札納品書在中出力フラグ名称	text	wms
1650	HT文字認識使用フラグ		wms
1651	HT文字認識使用フラグCD	text	wms
1652	HT文字認識使用フラグ名称	text	wms
1653	HTロット入力方式		wms
1654	HTシリアル入力方式		wms
1655	送り状・荷札		wms
1656	在庫移動明細一覧		wms
1657	入出庫区分CD		wms
1658	入出庫区分名称		wms
1659	入出庫数		wms
1660	在庫移動明細一覧グリッド		wms
1661	指示入出庫数		wms
1662	積込検品(％)	number	wms
1663	梱包明細一覧		wms
1664	作業日/出荷日/納品日		wms
1665	納品日		wms
1666	出庫ステータス名称	text	wms
1667	在庫移動履歴		wms
1668	移動日(From)		wms
1669	移動日(To)		wms
1670	預託略称		wms
1671	入庫ラベルNo		wms
1672	元入庫ラベルNo		wms
1673	梱包履歴		wms
1674	入荷履歴		wms
1675	期限(To)		wms
1676	入庫格納ロケーションCD(From)	text	wms
1677	入庫格納ロケーションCD(To)	text	wms
1678	入荷納品ステータスCD		wms
1679	出荷履歴		wms
1680	指定預託		wms
1681	指定期限日(From)		wms
1682	指定期限日(To)		wms
1683	指定ロケーションCD(From)	text	wms
1684	指定ロケーションCD(To)	text	wms
1685	緊急フラグ名称		wms
1686	棚卸履歴		wms
1687	移動中数		wms
1688	検品後荷札出力		wms
1689	検品後荷札出力CD		wms
1690	検品後荷札出力名称		wms
1691	荷札納品書在中出力		wms
1692	荷札納品書在中出力CD		wms
1693	荷札納品書在中出力名称		wms
1694	送り状種別(代引時、2枚目以降)		wms
1695	送り状種別(代引時、2枚目以降)CD		wms
1696	送り状種別(代引時、2枚目以降)名称		wms
1697	追跡番号採番単位		wms
1698	追跡番号採番単位CD		wms
1699	追跡番号採番単位名称		wms
1700	追跡番号採番キー		wms
1701	追跡番号採番キー(代引時、2枚目以降)		wms
1702	共通運送業者		wms
1703	共通運送業者CD		wms
1704	共通運送業者名称		wms
1705	運送業者マスタメンテナンス(編集)		wms
1706	運送業者マスタメンテナンス(編集)グリッド		wms
1707	荷材サイズCD		wms
1708	送り状データ種別CD		wms
1709	WebAPIリクエストURL		wms
1710	カスタマーID		wms
1711	ログインパスワード		wms
1712	送り状定義		wms
1713	リスト発行区分(送り状・荷札)		wms
1714	荷札発行		wms
1715	荷札出力日時		wms
1716	発店CD		wms
1717	発店名称	text	wms
1718	WebAPI送り状コード		wms
1719	WebAPI便種コード		wms
1720	WebAPI代引フラグ		wms
1721	WebAPI代引支払方法区分		wms
1722	WebAPI重量コード1		wms
1723	WebAPI重量コード2		wms
1724	WebAPI営止フラグ		wms
1725	発送予約データマーク		wms
1726	配達証保存年数		wms
1727	WebAPI便種コードCD		wms
1728	WebAPI便種コード名称		wms
1729	WebAPI代引フラグCD		wms
1730	WebAPI代引フラグ名称		wms
1731	WebAPI代引支払方法区分CD		wms
1732	WebAPI代引支払方法区分名称		wms
1733	WebAPI重量コード1CD		wms
1734	WebAPI重量コード1名称		wms
1735	WebAPI重量コード2CD		wms
1736	WebAPI重量コード2名称		wms
1737	WebAPI営止フラグCD		wms
1738	WebAPI営止フラグ名称		wms
1739	積込フラグ		wms
1740	積込フラグ名称		wms
1741	入力区分CD		wms
1742	入力区分名称		wms
1743	在庫調整フラグCD		wms
1744	在庫調整フラグ名称		wms
1745	通常在庫		wms
1746	不良品在庫		wms
1747	通常入荷		wms
1748	返品入荷		wms
1749	通常出荷		wms
1750	返品出荷		wms
1751	移動		wms
1752	調整(-)		wms
1753	調整(+)		wms
1754	入庫格納		wms
1755	混載		wms
1756	通常ロケーション		wms
1757	入庫仮ロケーション		wms
1758	内貨		wms
1759	外貨		wms
1760	ピックロケーション		wms
1761	ピックロケーション以外		wms
1762	引当可能		wms
1763	引当禁止		wms
1764	表示		wms
1765	非表示		wms
1766	管理する		wms
1767	管理しない		wms
1768	使用		wms
1769	未使用		wms
1770	出荷停止		wms
1771	出荷可能		wms
1772	処理中		wms
1773	非処理中		wms
1774	未削除		wms
1775	削除済		wms
1776	エラー無		wms
1777	未入荷		wms
1778	入荷中		wms
1779	入荷済		wms
1780	エラー		wms
1781	未出荷		wms
1782	出庫指示中		wms
1783	出庫指示解除中		wms
1784	出庫指示済		wms
1785	ピッキング中		wms
1786	ピッキング済		wms
1787	出荷検品中		wms
1788	出荷検品中断		wms
1789	出荷確定		wms
1790	キャンセル		wms
1791	未完		wms
1792	完納		wms
1793	分納		wms
1794	打切り		wms
1795	画面入力		wms
1796	アップロード		wms
1797	EDI		wms
1798	HT		wms
1799	定期		wms
1800	緊急		wms
1801	未調整		wms
1802	調整済		wms
1803	欠品無		wms
1804	欠品有		wms
1805	通常		wms
1806	通常確定		wms
1807	強制確定		wms
1808	一次ピッキング		wms
1809	二次ピッキング		wms
1810	未発行		wms
1811	発行済		wms
1812	一部発行済		wms
1813	全件		wms
1814	午前中		wms
1815	12時～14時		wms
1816	14時～16時		wms
1817	16時～18時		wms
1818	18時～20時		wms
1819	18時～21時		wms
1820	19時～21時		wms
1821	20時～21時		wms
1822	午前10時まで		wms
1823	午後5時まで		wms
1824	棚卸入力有のみ表示		wms
1825	データ無		wms
1826	アンマッチ有のみ表示		wms
1827	無		wms
1828	表示する		wms
1829	表示しない		wms
1830	引当可能数＋引当済数＞０		wms
1831	全部対象		wms
1832	全件ではない		wms
1833	全件表示		wms
1834	緊急のみ		wms
1835	欠品のみ		wms
1836	未検品のみ表示		wms
1837	0表示		wms
1838	0非表示		wms
1839	商品順（日報なし）		wms
1840	商品順（日報あり）		wms
1841	ロケーション順（日報なし）		wms
1842	ロケーション順（日報あり）		wms
1843	ピース検品		wms
1844	ケース検品		wms
1845	入荷対象外		wms
1846	入荷対象		wms
1847	出荷対象外		wms
1848	出荷対象		wms
1849	在庫調整対象外		wms
1850	在庫調整対象		wms
1851	デフォルトでない		wms
1852	デフォルト		wms
1853	チェックディジット無		wms
1854	7DR方式		wms
1855	初期化無		wms
1856	日次		wms
1857	月次		wms
1858	年次		wms
1859	未出庫		wms
1860	出庫済		wms
1861	出庫作業中		wms
1862	未検品		wms
1863	検品済		wms
1864	検品作業中		wms
1865	部分出庫		wms
1866	全数出庫		wms
1867	全て		wms
1868	在庫有のみ		wms
1869	未作業		wms
1870	作業中		wms
1871	完了		wms
1872	取消		wms
1873	マージしない		wms
1874	マージする		wms
1875	ピックロケのみ自動マージ		wms
1876	自動マージ		wms
1877	入庫		wms
1878	出庫		wms
1879	黒		wms
1880	赤		wms
1881	未出力		wms
1882	出力済		wms
1883	未格納		wms
1884	格納		wms
1885	該当せず		wms
1886	該当		wms
1887	変更なし		wms
1888	変更あり		wms
1889	廃止		wms
1890	市政・区政・町政・分区・政令指定都市施行		wms
1891	住居表示の実施		wms
1892	区画整理		wms
1893	郵便区調整等		wms
1894	訂正		wms
1895	修正なし		wms
1896	新規追加		wms
1897	通常郵便番号		wms
1898	大口事業所		wms
1899	私書箱		wms
1900	複数番号無		wms
1901	複数番号有		wms
1902	未出庫全件		wms
1903	入庫No分割		wms
1904	強制移動		wms
1905	ロケーション単位の差異		wms
1906	商品単位の差異		wms
1907	正常終了		wms
1908	異常終了		wms
1909	基盤強制終了		wms
1910	セクション開始ログ		wms
1911	セクション終了ログ		wms
1912	明細ログ		wms
1913	基盤出力ログ		wms
1914	情報		wms
1915	警告		wms
1916	SQL(SELECT)		wms
1917	SQL(INSERT)		wms
1918	SQL(UPDATE)		wms
1919	SQL(DELETE)		wms
1920	SQL(OTHERS)		wms
1921	正常		wms
1922	異常		wms
1923	最新		wms
1924	最新でない		wms
1925	検査中在庫		wms
1926	編集可		wms
1927	基盤		wms
1928	WMS		wms
1929	テキスト		wms
1930	数値		wms
1931	日時		wms
1932	数字のみ		wms
1933	数字と-のみ(電話番号等)		wms
1934	英数字のみ		wms
1935	英数字と-のみ		wms
1936	英字のみ		wms
1937	英字と-のみ		wms
1938	半角文字のみ		wms
1939	全角文字のみ		wms
1940	時刻のみ(hh24:mm)		wms
1941	英数字と記号(半角カタカナ,SPを除く)		wms
1942	コンボボックス		wms
1943	チェックボックス		wms
1944	グリッド		wms
1945	任意		wms
1946	左寄せ		wms
1947	右寄せ		wms
1948	中央揃え		wms
1949	数字のみメッセージCD		wms
1950	数字と-のみ(電話番号等)メッセージCD		wms
1951	英数字のみメッセージCD		wms
1952	英数字と-のみメッセージCD		wms
1953	英字のみメッセージCD		wms
1954	英字と-のみメッセージCD		wms
1955	半角文字のみメッセージCD		wms
1956	全角文字のみメッセージCD		wms
1957	時刻のみ(hh24:mm)メッセージCD		wms
1958	英数字と記号(半角カタカナ,SPを除く)メッセージCD		wms
1959	編集不可		wms
1960	選択しない		wms
1961	選択する		wms
1962	ヤマト(通常)		wms
1963	ヤマト(保冷・・・冷蔵)		wms
1964	佐川(通常)		wms
1965	佐川(保冷・・・冷蔵)		wms
1966	ゆうパック(通常)		wms
1967	ゆうパック(保冷・・・冷蔵)		wms
1968	棚卸入力無のみ表示		wms
1969	欠品無のみ表示		wms
1970	欠品有のみ表示		wms
1971	ヤマト		wms
1972	佐川		wms
1973	ゆうパック		wms
1974	在庫データ取込		wms
1975	商品マスタ取込		wms
1976	取引先マスタ取込		wms
1977	ロケーションマスタ取込		wms
1978	未処理のみ		wms
1979	エラーのみ		wms
1980	追記のみ		wms
1981	全削除後追記		wms
1982	一括コミット		wms
1983	随時コミット		wms
1984	未処理		wms
1985	処理済		wms
1986	閲覧ユーザ		wms
1987	管理作業者		wms
1988	閲覧許可		wms
1989	管理作業者権限		wms
1990	荷主センタ編集不可		wms
1991	固定項目		wms
1992	出力項目		wms
1993	複数番号有(個別番号の1)		wms
1994	複数番号有(個別番号の2)		wms
1995	複数番号有(個別番号の3)		wms
1996	引当順序設定		wms
1997	ロケーション引当順序		wms
1998	不可		wms
1999	可能		wms
2000	MS932		wms
2001	発払い		wms
2002	コレクト		wms
2003	メール便		wms
2004	タイム		wms
2005	着払い		wms
2006	メール便速達サービス		wms
2007	クール冷凍		wms
2008	クール冷蔵		wms
2009	箱類		wms
2010	バッグ類		wms
2011	スーツケース		wms
2012	封筒類		wms
2013	ゴルフバッグ		wms
2014	スキー		wms
2015	スノーボード		wms
2016	その他		wms
2017	飛脚宅配便		wms
2018	飛脚スーパー便		wms
2019	飛脚即配便		wms
2020	飛脚航空便(翌日中配達)		wms
2021	飛脚航空便(翌日午前中配達)		wms
2022	飛脚ジャストタイム便		wms
2023	指定なし		wms
2024	飛脚クール便(冷蔵)		wms
2025	飛脚クール便(冷凍)		wms
2026	全て可		wms
2027	現金のみ		wms
2028	ﾃﾞﾋﾞｯﾄ･ｸﾚｼﾞｯﾄ		wms
2029	営止めサービス		wms
2030	配達指定日		wms
2031	時間帯指定(５時間帯)		wms
2032	eコレクト(現金決済)		wms
2033	eコレクト(デビット／クレジット決済)		wms
2034	eコレクト(なんでも決済)		wms
2035	取扱注意		wms
2036	貴重品		wms
2037	天地無用		wms
2038	時間帯指定(午前中)		wms
2039	飛脚航空便		wms
2040	時間帯指定(６時間帯(オプション)		wms
2041	ゆうメール		wms
2042	通常(定型)		wms
2043	通常(定型外)		wms
2044	ポスパケット		wms
2045	宛名ラベル		wms
2046	保冷なし		wms
2047	チルド		wms
2048	冷凍		wms
2049	UTF8		wms
2050	元払		wms
2051	着払		wms
2052	定点切れのみ表示		wms
2053	センタ間移動フラグ		wms
2054	センタ間移動		wms
2055	積送中在庫のみ表示		wms
2056	代引		wms
2057	有		wms
2058	強制しない		wms
2059	強制する		wms
2060	アンロック		wms
2061	ロックアウト		wms
2062	時刻のみ(hh24:mm:ss)		wms
2063	時刻のみ(hh24:mm:ss)メッセージCD		wms
2064	必要数		wms
2065	最大格納数荷姿切上		wms
2066	バッチ毎同一SKUは同一ロケに割付		wms
2067	補充毎に別ロケを割付		wms
2068	梱包計算無		wms
2069	容積と重量による梱包計算		wms
2070	受取側考慮(出荷指示昇順)		wms
2071	なるべく詰める(容積降順)		wms
2072	単品		wms
2073	マルチピック計算無		wms
2074	マルチピック計算有		wms
2075	商品荷姿マスタ取込		wms
2076	補充点以下		wms
2077	補充可能		wms
2078	定期補充		wms
2079	緊急補充		wms
2080	無効		wms
2081	有効		wms
2082	全て取込まない		wms
2083	エラー以外を取り込む		wms
2084	マルチピック計算		wms
2085	計算無		wms
2086	計算有		wms
2087	未完了のみ表示		wms
2088	未印刷		wms
2089	印刷中		wms
2090	印刷済		wms
2091	印刷失敗		wms
2092	ページ毎印刷		wms
2093	部単位で印刷		wms
2094	更新不可		wms
2095	更新可能		wms
2096	印刷成功		wms
2097	サービス中		wms
2098	サービス停止中		wms
2099	シャットダウン中		wms
2100	HT/SDケースピック使用フラグ		wms
2101	自動印刷対象外		wms
2102	自動印刷対象		wms
2103	出力しない		wms
2104	画面で実績入力後のみ出力		wms
2105	HT/SDで実績入力後のみ出力		wms
2106	出力する		wms
2107	CODE39		wms
2108	CODE128		wms
2109	CODABAR(NW-7)		wms
2110	JAN(8or13)		wms
2111	ITF		wms
2112	スキップしない		wms
2113	スキップする		wms
2114	1明細1枚		wms
2115	荷姿毎に1枚(在庫最小単位は全体で1枚)		wms
2116	在庫最小単位毎に1枚		wms
2117	未設定のみ		wms
2118	ケースピック無		wms
2119	ケースピック有		wms
2120	バラ出荷検品後に出力		wms
2121	ケース出荷検品後に出力		wms
2122	バラ・ケース出荷検品後に出力		wms
2123	1枚目のみ出力		wms
2124	時間指定なし		wms
2125	汎用荷札		wms
2126	ヤマト宅急便(発払)荷札		wms
2127	ヤマト宅急便(コレクト)荷札		wms
2128	佐川荷札(WebAPI)		wms
2129	ゆうパック荷札		wms
2130	ゆうパケット荷札		wms
2131	B2		wms
2132	E飛伝2		wms
2133	E飛伝Pro		wms
2134	ゆうパックプリントR(発送予定)		wms
2135	ゆうパックプリントR(発送履歴)		wms
2136	発送確定データフォーマット		wms
2137	大口FDデータフォーマット		wms
2138	出庫作業No単位		wms
2139	梱包単位		wms
2140	送り状＋バラ・ケース荷札		wms
2141	送り状＋バラ荷札		wms
2142	送り状＋ケース荷札		wms
2143	送り状		wms
2144	バラ・ケース荷札		wms
2145	バラ荷札		wms
2146	ケース荷札		wms
2147	着店マスタ取込(ヤマト運輸)		wms
2148	着店マスタ取込(日本郵政)		wms
2149	郵便番号マスタ取込		wms
2150	郵便番号マスタ(大口事業所)取込		wms
2151	ヤマト用変換フォーマット		wms
2152	ゆうパック用変換フォーマット		wms
2153	陸便		wms
2154	航空便		wms
2155	クール冷蔵(航空便)		wms
2156	クール冷凍(航空便)		wms
2157	通常の送り状を発行		wms
2158	代金引換の送り状を発行		wms
2159	なんでも決済		wms
2160	現金		wms
2161	クレジットカード・デビットカード		wms
2162	2Kg(サイズ60)		wms
2163	5Kg(サイズ80)		wms
2164	10Kg(サイズ100)		wms
2165	20Kg(サイズ140)		wms
2166	30Kg(サイズ160)		wms
2167	営業所止めを行いません		wms
2168	営業所止めにします		wms
2169	センタ・荷主別画面グリッドマスタメンテナンスグリッド		wms
2170	センタ・荷主別画面マスタメンテナンスグリッド		wms
2171	センタ・荷主別画面項目マスタメンテナンスグリッド		wms
2172	センタマスタメンテナンスグリッド		wms
2173	センタマスタ一覧グリッド		wms
2174	ゾーンマスタメンテナンスグリッド		wms
2175	ピッキングリスト発行グリッド		wms
2176	ユーザマスタメンテナンスセンタグリッド		wms
2177	ユーザマスタメンテナンス荷主グリッド		wms
2178	ロケーションマスタメンテナンスグリッド		wms
2179	ロケーションマスタ検索グリッド		wms
2180	運送業者マスタメンテナンスグリッド		wms
2181	荷材マスタメンテナンスグリッド		wms
2182	荷主マスタメンテナンスグリッド		wms
2183	梱包明細修正グリッド		wms
2184	在庫受払問合せグリッド		wms
2185	在庫問合せグリッド(商品順(日報なし))		wms
2186	在庫問合せグリッド(商品順(日報あり))		wms
2187	在庫問合せグリッド(ロケーション順(日報なし))		wms
2188	在庫問合せグリッド(ロケーション順(日報あり))		wms
2189	仕入先マスタ検索グリッド		wms
2190	取引先マスタメンテナンスグリッド		wms
2191	取引先マスタ一覧グリッド		wms
2192	出荷確定一覧グリッド		wms
2193	出荷期限管理一覧グリッド		wms
2194	出荷検品グリッド		wms
2195	出荷指示一括取込グリッド		wms
2196	出荷指示入力グリッド		wms
2197	出荷指示明細グリッド		wms
2198	出荷実績訂正グリッド		wms
2199	出荷実績入力グリッド		wms
2200	出庫指示一覧グリッド		wms
2201	商品マスタメンテナンスグリッド		wms
2202	商品マスタ一覧グリッド		wms
2203	商品マスタ検索グリッド		wms
2204	商品別入荷一覧グリッド		wms
2205	倉庫マスタメンテナンスグリッド		wms
2206	送り状データ出力グリッド		wms
2207	棚卸在庫一括更新グリッド		wms
2208	棚卸入力グリッド		wms
2209	棚卸履歴検索グリッド		wms
2210	商品別出荷一覧グリッド		wms
2211	商品別出荷一覧(参照)グリッド		wms
2212	伝票別入荷一覧グリッド		wms
2213	日次締処理グリッド		wms
2214	入荷実績入力グリッド		wms
2215	入荷未完了一覧グリッド		wms
2216	入荷予定一括取込グリッド		wms
2217	入荷予定入力グリッド		wms
2218	納品先マスタ検索グリッド		wms
2219	配送コースマスタメンテナンスグリッド		wms
2220	配送コースマスタ一覧グリッド		wms
2221	配送コースマスタ検索グリッド		wms
2222	配送コース別出荷進捗グリッド		wms
2223	郵便番号マスタメンテナンスグリッド		wms
2224	郵便番号マスタ検索グリッド		wms
2225	指定在庫区分CD		wms
2226	指定在庫区分名称		wms
2227	センタ別区分値マスタ一覧グリッド		wms
2228	センタ別区分値マスタメンテナンスグリッド		wms
2229	センタ別区分値グループマスタメンテナンスグリッド		wms
2230	センタ別区分値グループ明細マスタメンテナンスグリッド		wms
2231	帳票レイアウトマスタ一覧グリッド		wms
2232	帳票レイアウトマスタメンテナンスグリッド		wms
2233	処理区分マスタメンテナンスグリッド		wms
2234	在庫区分マスタメンテナンスグリッド		wms
2235	ヤマト送り状マスタメンテナンスメンテナンスグリッド		wms
2236	佐川送り状マスタメンテナンスメンテナンスグリッド		wms
2237	ゆうパック送り状マスタメンテナンスメンテナンスグリッド		wms
2238	トータル在庫問合せグリッド		wms
2239	トータル在庫問合せ(参照)グリッド		wms
2240	トータル在庫問合せグリッド(列定義)		wms
2241	トータル在庫問合せ(参照)グリッド(列定義)		wms
2242	構成品情報グリッド		wms
2243	在庫情報グリッド		wms
2244	親商品在庫グリッド		wms
2245	解除指示入力グリッド		wms
2246	セット品構成マスタメンテナンス(編集)グリッド		wms
2247	在庫移動一覧グリッド		wms
2248	在庫移動指示明細グリッド		wms
2249	セット品構成マスタメンテナンス(一覧)グリッド		wms
2250	補充指示一覧グリッド		wms
2251	荷姿マスタメンテナンスグリッド		wms
2252	荷材グループマスタメンテナンスグリッド		wms
2253	ロケーションマスタ一括取込グリッド		wms
2254	バーコードラベル一括出力グリッド		wms
2255	梱包明細一覧グリッド		wms
2256	梱包履歴グリッド		wms
2257	入荷履歴グリッド		wms
2258	出荷履歴グリッド		wms
2259	棚卸履歴グリッド		wms
2260	在庫移動履歴グリッド		wms
2261	EC受注データ一覧		wms
2262	受注番号		wms
2263	取込種別		wms
2264	配送方法		wms
2265	取込日(From)		wms
2266	取込日(To)		wms
2267	納品書		wms
2268	EC送り状データ出力		wms
2269	凡例		wms
2270	ギフトフラグ		wms
2271	取込種別名称	text	wms
2272	取込日		wms
2273	受注ステータス		wms
2274	受注ステータス名称		wms
2275	納品書発行フラグ		wms
2276	納品書発行フラグ名称		wms
2277	EC送り状データ出力フラグ		wms
2278	EC送り状データ出力フラグ名称		wms
2279	エラーフラグ名称		wms
2280	注文日		wms
2281	注文時刻		wms
2282	コメント1		wms
2283	コメント2		wms
2284	お届け日指定		wms
2285	お届け時間帯		wms
2286	ギフトフラグ名称		wms
2287	のし		wms
2288	注文者郵便番号		wms
2289	注文者住所：都道府県		wms
2290	注文者住所：都市区		wms
2291	注文者住所：町以降		wms
2292	注文者名称		wms
2293	注文者電話番号		wms
2294	送付先一致フラグ		wms
2295	送付先一致フラグ名称		wms
2296	名寄せID		wms
2297	送付先郵便番号		wms
2298	送付先住所：都道府県		wms
2299	送付先住所：都市区		wms
2300	送付先住所：町以降		wms
2301	送付先名称		wms
2302	送付先電話番号		wms
2303	配送区分		wms
2304	配送会社		wms
2305	優先フラグ		wms
2306	優先フラグ名称		wms
2307	取込フラグ		wms
2308	取込フラグ名称		wms
2309	取込種別ID		wms
2310	受注データ一括取込		wms
2311	受注キャンセル		wms
2312	EC受注データ一覧グリッド		wms
2313	欠品フラグ名称		wms
2314	EC受注データ一括取込		wms
2315	取込		wms
2316	優先指定無		wms
2317	優先指定有		wms
2318	ギフト指定無		wms
2319	ギフト指定有		wms
2320	不一致		wms
2321	一致		wms
2322	キャンセル無		wms
2323	キャンセル有		wms
2324	未取込		wms
2325	取込済		wms
2326	お届け時間帯名称		wms
2327	EC受注		wms
2328	取込日/出荷日/作業日		wms
2329	EDIマスタメンテナンス(一覧)		wms
2330	EDI名称	text	wms
2331	EDI一覧		wms
2332	EDIID		wms
2333	EC送り状データ出力グリッド		wms
2334	キャンセルフラグ		wms
2335	キャンセルフラグ名称		wms
2336	出庫指示削除		wms
2337	EDIマスタメンテナンス(編集)		wms
2338	EDI列マスタ一覧		wms
2339	EDI項目名	text	wms
2340	ECお買上明細		wms
2341	マッチングマスタメンテナンス		wms
2342	マッチング種類	text	wms
2343	マッチングキーワード	text	wms
2344	変換CD	text	wms
2345	マッチングマスタメンテナンスグリッド		wms
2346	取込種別マスタメンテナンス(一覧)		wms
2347	取込種別マスタメンテナンス(編集)		wms
2348	取込種別CD	text	wms
2349	文字コード	text	wms
2350	改行コード		wms
2351	区切り文字	text	wms
2352	読み飛ばし行数	number	wms
2353	アップロードテーブル名	text	wms
2354	重複チェック列名		wms
2355	受信ID列名		wms
2356	行番号列名		wms
2357	ギフト用納品種類		wms
2358	納品書明細置換え文字列	text	wms
2359	受注保持期間	number	wms
2360	納品書タイトル	text	wms
2361	納品書記載URL	text	wms
2362	取込種別マスタ一覧グリッド		wms
2363	修正(明細)		wms
2364	取込種別明細マスタメンテナンス		wms
2365	列番号	number	wms
2366	アップロード列名		wms
2367	取込種別マスタメンテナンスグリッド		wms
2368	改行コード種別		wms
2369	改行コード種別名称		wms
2370	ギフト用納品種類名称		wms
2371	CRLF		wms
2372	CR		wms
2373	LF		wms
2374	金額非表示		wms
2375	明細非表示		wms
2376	キャンセルデータ表示		wms
2377	受注エラー削除		wms
2378	楽天RMS受注		wms
2379	名寄せ有無		wms
2380	名寄せ無		wms
2381	名寄せ有		wms
2382	名寄せステータス		wms
2383	住所変更		wms
2384	Amazon受注		wms
2385	Yahoo受注		wms
2386	取込種別コピー列名入力		wms
2387	取込種別コピー列名入力グリッド		wms
2388	コピー列名		wms
2389	取込(注文)		wms
2390	取込(商品)		wms
2391	引当可能ケース数	number	wms
2392	引当可能ピース数	number	wms
2393	引当可能総数	number	wms
2394	引当済ケース数	number	wms
2395	引当済ピース数	number	wms
2396	引当済総数	number	wms
2397	作業中ケース数	number	wms
2398	作業中ピース数	number	wms
2399	作業中総数	number	wms
2400	前残ケース数	number	wms
2401	前残ピース数	number	wms
2402	前残総数	number	wms
2403	受入ケース数	number	wms
2404	受入ピース数	number	wms
2405	受入総数	number	wms
2406	払出ケース数	number	wms
2407	払出ピース数	number	wms
2408	払出総数	number	wms
2409	当日在庫ケース数	number	wms
2410	当日在庫ピース数	number	wms
2411	当日在庫総数	number	wms
2412	調整前ケース数	number	wms
2413	調整前ピース数	number	wms
2414	調整前総数	number	wms
2415	調整後ケース数	number	wms
2416	調整後ピース数	number	wms
2417	調整後総数	number	wms
2418	調整ケース数	number	wms
2419	調整ピース数	number	wms
2420	調整総数	number	wms
2421	移動先総ケース数	number	wms
2422	移動先総ピース数	number	wms
2423	移動ケース数	number	wms
2424	移動ピース数	number	wms
2425	移動総数	number	wms
2426	ケース梱包数	number	wms
2427	混載梱包数	number	wms
2428	コメント1有無		wms
2429	コメント1無		wms
2430	コメント1有		wms
2431	出庫作業メッセージ有無		wms
2432	メッセージ無		wms
2433	メッセージ有		wms
2434	前回選択行		wms
2435	お買い上げ明細書		wms
2436	送付ご案内書		wms
2437	このたびはお買い上げいただきまして、誠にありがとうございました。		wms
2438	お客様のお買い上げ明細書を送付いたしますので、		wms
2439	お客様への送付ご案内書を送付いたしますので、		wms
2440	ご確認いただきますよう、お願いいたします。		wms
2441	ONEs総合商社		wms
2442	〒 431-0431		wms
2443	東京都江東区東陽7-2-14東陽MKビル8F		wms
2444	03-5634-0328		wms
2445	03-5634-0329		wms
2446	明細内容に関してご不明な点は、下記のページアドレス(URL)を		wms
2447	ご確認の上、当店「		wms
2448	」までお問い合わせください。		wms
2449	お買い上げ明細		wms
2450	送付ご案内明細		wms
2451	■お届け先 :		wms
2452	■ご注文日 :		wms
2453	■お支払方法 :		wms
2454	商品名／商品番号／項目：選択肢		wms
2455	個数		wms
2456	単価	number	wms
2457	小計		wms
2458	消費税	number	wms
2459	送料		wms
2460	代引き手数料		wms
2461	クーポン利用額		wms
2462	ポイント利用額		wms
2463	その他値引額		wms
2464	請求金額		wms
2465	実績数合計		wms
2466	個口数合計		wms
2467	格納ロケーション		wms
2468	■受注番号 :		wms
2469	納品先別 PAGE		wms
2470	総ピック数		wms
2471	ピック数		wms
2472	件		wms
2473	年		wms
2474	月		wms
2475	日		wms
2476	摘要		wms
2477	左記の貨物を受領致しました。		wms
2478	受　領　印		wms
2479	発　店　控		wms
2480	発送元控		wms
2481	容積重量		wms
2482	必着		wms
2483	荷送主		wms
2484	様		wms
2485	お問合せNo.		wms
2486	個		wms
2487	Kg		wms
2488	M3		wms
2489	毎度ありがとうございます。		wms
2490	お届け先		wms
2491	TEL		wms
2492	納品書在中		wms
2493	荷受人		wms
2494	名寄せ№:		wms
2495	出荷日:		wms
2496	指定日:		wms
2497	荷送人		wms
2498	代金引換まとめ送金		wms
2499	ご依頼主		wms
2500	品名等		wms
2501	代金引換金額		wms
2502	個口		wms
2503	お問い合わせ番号		wms
2504	追跡システムバーコード		wms
2505	料金後納		wms
2506	お問合せ		wms
2507	伝票番号		wms
2508	お問合せ伝票番号		wms
2509	年　　月　　日		wms
2510	代金引換額(税込)		wms
2511	支付方法		wms
2512	お問い合わせ送り状番号		wms
2513	発店コード		wms
2514	運送料ー万円来滿		wms
2515	お問合せ先		wms
2516	〒		wms
2517	元　払		wms
2518	代引金額　　　　                       円		wms
2519	ゆうパケット		wms
2520	円		wms
2521	下積み厳禁		wms
2522	逆さま厳禁		wms
2523	(          年保存)		wms
2524	受付日		wms
2525	1 現金		wms
2526	空港ゆうパック		wms
2527	チルドゆうパック		wms
2528	冷凍ゆうパック		wms
2529	ゴルフゆうパック		wms
2530	スキー・ホテル等ゆうパック		wms
2531	着払ゆうパック		wms
2532	着払ゆうパック(チルド)		wms
2533	着払ゆうパック(冷凍)		wms
2534	代金引換まとめ送金サービス		wms
2535	代金引換まとめ送金サービス(チルド)		wms
2536	代金引換まとめ送金サービス(冷凍)		wms
2537	スキー・ホテル等ゆうパック(往路)		wms
2538	空港ゆうパック(往路)		wms
2539	スキー・ホテル等ゆうパック(復路)		wms
2540	空港ゆうパック(復路)		wms
2541	ゴルフゆうパック(往路)		wms
2542	ゴルフゆうパック(復路)		wms
2543	返品在庫		wms
2544	廃棄品		wms
2545	荷主使用者ユーザ		wms
2546	荷主標準使用		wms
2547	ダンボール包装		wms
2548	無包装		wms
2549	ヤマト宅配便		wms
2550	ヤマト代金引換		wms
2551	ヤマトメール便		wms
2552	ヤマト速達メール便		wms
2553	ゆうパック(保冷なし)		wms
2554	ゆうメール(チルド)		wms
2555	通常(定型)保冷なし		wms
2556	通常(定型外)冷凍		wms
2557	ポスパケット(保冷なし)		wms
2558	宛名ラベル(保冷なし)		wms
2559	荷主閲覧ユーザ		wms
2560	出荷閲覧不可		wms
2561	トータル在庫問合せ不可		wms
2562	入荷検品		wms
2563	仮入力		wms
2564	合計件数		wms
2565	入荷検品リスト		wms
2566	ケースピッキングNo.	text	wms
2567	棚卸入力リスト		wms
2568	オーダーピッキング		wms
2569	ピッキング解除		wms
2570	伝票No	text	wms
2571	仮ロケ	text	wms
2572	汎用ラベルNo	text	wms
2573	汎用No	text	wms
2574	シリアルNo.一覧		wms
2575	シリアルNo.(From)		wms
2576	シリアルNo.(To)		wms
2577	シリアルNo.一覧グリッド		wms
2578	出荷情報更新		wms
2579	出荷情報クリア		wms
2580	バラ数	number	wms
2581	シリアルNo.	text	wms
2582	出庫ロケ	text	wms
2583	先ロケ	text	wms
2584	入庫ロケ	text	wms
2585	シリアルNo.メンテナンス		wms
2586	シリアルNo.メンテナンスグリッド		wms
2587	Excel取込		wms
2588	シリアルNo.一括取込用Excelダウンロード		wms
2589	貨物追跡No./出荷梱包No.	text	wms
2590	ケースピッキング		wms
2591	ケースピッキングリストグリッド		wms
2592	総ピック数(ケース)	number	wms
2593	総ピック数(ピース)	number	wms
2594	ピック数(ケース)		wms
2595	ピック数(端数)		wms
2596	ピッキング種別		wms
2597	バラ		wms
2598	オーダーピッキングリスト指示一覧グリッド		wms
2599	オーダーピッキングリスト指示明細一覧グリッド		wms
2600	オーダーピッキングリスト明細詳細グリッド		wms
2601	担当者CD	text	wms
2602	担当者名称	text	wms
2603	ケースピッキングリスト指示一覧グリッド		wms
2604	ケースピッキングリスト指示明細一覧グリッド		wms
2605	ケースピッキングリスト明細詳細グリッド		wms
2606	入荷検品リスト明細一覧グリッド		wms
2607	入荷検品リスト明細詳細グリッド		wms
2608	棚卸入力リスト明細詳細グリッド		wms
2609	棚卸入力リスト明細一覧グリッド		wms
2610	HT/SD		wms
2611	SD検品ラベル出力フラグ		wms
2612	SD検品ラベル発行		wms
2613	否		wms
2614	可		wms
2615	センタ採番マスタメンテナンス		wms
2616	センタ採番マスタメンテナンスグリッド		wms
2617	キャッシュ数	number	wms
2618	クール		wms
2619	【差出人】		wms
2620	【受付局】		wms
2621	(内消費税額                円)		wms
2622	棚卸データ削除		wms
2623	実績入力後入庫/商品ラベル出力対象		wms
2624	実績入力後入庫/商品ラベル出力対象CD		wms
2625	実績入力後入庫/商品ラベル出力対象名称		wms
2626	センタ関連マスタ作成		wms
2627	センタCD(From)	text	wms
2628	センタCD(To)	text	wms
2629	荷主CD(From)	text	wms
2630	荷主CD(To)	text	wms
2631	コピー元		wms
2632	コピー先		wms
2633	コピー対象マスタ一覧グリッド	text	wms
2634	コピー対象	text	wms
2635	テーブル名	text	wms
2636	センタ列マスタ	text	wms
2637	センタ項目マスタ	text	wms
2638	センタ画面マスタ	text	wms
2639	佐川送り状マスタ	text	wms
2640	ヤマト送り状マスタ	text	wms
2641	ゆうパック送り状マスタ	text	wms
2642	採番例	text	wms
2643	在庫一括移動指示		wms
2644	在庫一括移動指示グリッド	text	wms
2645	予備項目１(文字列)	text	wms
2646	予備項目２(文字列)	text	wms
2647	予備項目３(文字列)	text	wms
2648	予備項目１(数値)	number	wms
2649	予備項目２(数値)	number	wms
2650	予備項目３(数値)	number	wms
2651	金額	number	wms
2652	合計金額	number	wms
2653	合計消費税	number	wms
2654	小計金額		wms
2655	小計消費税		wms
2656	SD検品ラベル出力フラグCD		wms
2657	SD検品ラベル出力フラグ名称		wms
2658	合計出荷数		wms
2659	小計出荷数		wms
2660	入荷管理		wms
2661	出荷管理		wms
2662	棚卸管理		wms
2663	運用管理		wms
2664	送信		wms
2665	戻る		wms
2666	次		wms
2667	前		wms
2668	在庫区分選択		wms
2669	在庫検索		wms
2670	在庫検索(一覧)		wms
2671	在庫移動(出庫)		wms
2672	在庫移動(入庫)		wms
2673	入荷検品格納		wms
2674	予定無し入荷		wms
2675	積込検品		wms
2676	シリアル登録(入荷)		wms
2677	シリアル登録(出荷)		wms
2678	商品棚卸入力		wms
2679	ロケーション変更		wms
2680	ロケーション一括変更		wms
2681	プリンタ選択		wms
2682	いいえ		wms
2683	はい		wms
2684	致命的エラー		wms
2685	終了		wms
2686	継続		wms
2687	削除しますか？		wms
2688	中断しますか？		wms
2689	入力補助		wms
2690	商品荷姿	number	wms
2691	OK		wms
2692	[0]([1])		wms
2693	入荷検品(数量)		wms
2694	…		wms
2695	一覧		wms
2696	内訳		wms
2697	荷姿単位で1梱包		wms
2698	商品単位で1梱包		wms
2699	小数を含まない		wms
2700	小数を含む		wms
2701	対象外		wms
2702	対象		wms
2703	ロケ変更を		wms
2704	終了しますか？		wms
2705	在庫移動入庫を		wms
2706	続けて入庫作業し		wms
2707	ますか？		wms
2708	在庫移動出庫を		wms
2709	中断データが		wms
2710	存在します。		wms
2711	再開しますか？		wms
2712	再開		wms
2713	再開します。		wms
2714	在庫移動入庫(終了)		wms
2715	在庫移動出庫(終了)		wms
2716	在庫移動出庫(確認)		wms
2717	入数内訳		wms
2718	予定単位		wms
2719	予定内訳		wms
2720	入庫単位		wms
2721	入庫内訳		wms
2722	棚卸前内訳		wms
2723	調整前総数荷姿	number	wms
2724	調整後総数荷姿	number	wms
2725	調整総数荷姿	number	wms
2726	商品数		wms
2727	ロケーション変更(出庫ロケーション)		wms
2728	ロケーション変更(一覧)		wms
2729	ロケーション変更(入庫ロケーション)		wms
2730	ロケーション変更(確認)		wms
2731	データを登録します。		wms
2732	よろしいですか？		wms
2733	ロケーション変更(終了)		wms
2734	スキップ		wms
2735	ケースピッキングを		wms
2736	ピッキングNo.	text	wms
2737	ケースピッキング(No)		wms
2738	ケースピッキング(ソースCD)		wms
2739	ケースピッキング(入庫No)		wms
2740	ケースピッキング(数量)		wms
2741	ケースピッキング(一覧)		wms
2742	ケースピッキング(終了)		wms
2743	選択後、[ENT]で確定		wms
2744	積込検品(確認)		wms
2745	積込検品(一覧)		wms
2746	配送コース選択		wms
2747	積込検品(終了)		wms
2748	積込検品(No)		wms
2749	の積込検品が		wms
2750	終了しました。		wms
2751	積込検品を		wms
2752	使用した荷材CDを		wms
2753	入力してください。		wms
2754	決定		wms
2755	出荷検品キャンセル		wms
2756	しますか？		wms
2757	合計個口数		wms
2758	中断		wms
2759	総個口数		wms
2760	シリアル登録(出荷)を		wms
2761	出荷検品(箱登録)		wms
2762	出荷検品(終了)		wms
2763	出荷検品(ソースCD)		wms
2764	出荷検品(一覧)		wms
2765	出荷検品(数量)		wms
2766	出荷検品(確認)		wms
2767	出荷検品(No)		wms
2768	シリアル出荷登録(終了)		wms
2769	シリアル出荷登録(ソースCD)		wms
2770	シリアル出荷登録(範囲)		wms
2771	シリアル出荷登録(確認)		wms
2772	シリアルｸﾘｱ確認　		wms
2773	シリアル出荷登録(シリアル)		wms
2774	納品先選択		wms
2775	シリアル出荷登録(No)		wms
2776	スタートシリアル		wms
2777	シリアル		wms
2778	入力したシリアルを		wms
2779	クリアしますか？		wms
2780	範囲　		wms
2781	オーダピッキングを		wms
2782	オーダピッキング(No)		wms
2783	オーダピッキング(入庫No)		wms
2784	オーダピッキング(確認)		wms
2785	オーダピッキング(数量)		wms
2786	オーダピッキング(一覧)		wms
2787	オーダピッキング(終了)		wms
2788	オーダピッキング(ソースCD)		wms
2789	移動入庫(ソースCD)		wms
2790	移動入庫(入庫No)		wms
2791	移動入庫(ロケ)		wms
2792	移動入庫(選択)		wms
2793	移動入庫確認		wms
2794	プリンタ選択を		wms
2795	キャンセルしますか？		wms
2796	トレイ		wms
2797	Pｸﾞﾙｰﾌﾟ		wms
2798	ﾌﾟﾘﾝﾀ		wms
2799	帳票L		wms
2800	同じ帳票レイアウトが		wms
2801	登録されています。		wms
2802	更新しますか？		wms
2803	プリンタ選択(終了)		wms
2804	選択プリンタ一覧		wms
2805	プリンタグループ選択		wms
2806	帳票レイアウト選択		wms
2807	プリンタ選択(確認)		wms
2808	トレイ選択		wms
2809	更新確認		wms
2810	移動出庫(入庫No)		wms
2811	移動出庫(ロケ)		wms
2812	移動出庫(ソースCD)		wms
2813	移動出庫(選択)		wms
2814	移動出庫(数量)		wms
2815	移動出庫確認		wms
2816	商品棚卸(終了)		wms
2817	商品棚卸を		wms
2818	預託選択		wms
2819	商品棚卸(ソースCD)		wms
2820	商品棚卸(在区)		wms
2821	商品棚卸(詳細)		wms
2822	商品棚卸(一覧)		wms
2823	商品棚卸(ロケ)		wms
2824	商品棚卸(数量)		wms
2825	商品棚卸完了		wms
2826	か？		wms
2827	商品棚卸(確認)		wms
2828	入庫格納(終了)		wms
2829	入庫格納を		wms
2830	入庫格納(ソースCD)		wms
2831	入庫格納(仮ロケ)		wms
2832	入庫格納(入庫No)		wms
2833	入庫格納(詳細)		wms
2834	入庫格納(一覧)		wms
2835	入荷数		wms
2836	格納数		wms
2837	入庫格納(ロケ)		wms
2838	入庫格納(数量)		wms
2839	入庫格納(選択)		wms
2840	入庫格納確認		wms
2841	入庫格納完了		wms
2842	データを登録		wms
2843	シリアル登録(入荷)を		wms
2844	予定無し入荷(終了)		wms
2845	予定無し入荷を		wms
2846	予定無し入荷(ソースCD)		wms
2847	予定無し入荷完了		wms
2848	期限日が過ぎています		wms
2849	登録しますか？		wms
2850	検品を完了しますか？		wms
2851	予定無し入荷(区分)		wms
2852	ラベル選択		wms
2853	予定無し入荷(汎用)		wms
2854	予定無し入荷(詳細)		wms
2855	予定無し入荷(一覧)		wms
2856	予定無し入荷(ロケ)		wms
2857	処理区分選択		wms
2858	完了確認(商品)		wms
2859	予定無し入荷(数量)		wms
2860	予定無し入荷確認		wms
2861	期限日確認		wms
2862	予定無し入荷(仕入先)		wms
2863	仕入先選択		wms
2864	予定無し入荷(確認)		wms
2865	入荷検品(終了)		wms
2866	入荷検品(詳細)		wms
2867	入荷検品(ソースCD)		wms
2868	入荷検品(一覧)		wms
2869	入荷検品確認		wms
2870	検品数確認		wms
2871	完了確認(伝票No)		wms
2872	入荷検品(伝票No)		wms
2873	入荷検品を		wms
2874	済数	number	wms
2875	残数	number	wms
2876	入荷検品完了		wms
2877	差異がありますが		wms
2878	予定数を超えています		wms
2879	が登録しますか？		wms
2880	シリアル入荷登録(伝票No)		wms
2881	シリアル入荷登録(終了)		wms
2882	シリアル入荷登録(ソースCD)		wms
2883	シリアル入荷登録(範囲)		wms
2884	シリアル入荷登録(確認)		wms
2885	シリアル入荷登録(シリアル)		wms
2886	登録数		wms
2887	入荷検品格納を		wms
2888	入荷検品格納を[ReceiveInspecStoreCancelHT]		wms
2889	入庫ラベル使用		wms
2890	汎用ラベル使用		wms
2891	入荷検品格納完了		wms
2892	完了しますか？		wms
2893	検品格納(終了)		wms
2894	検品格納(詳細)		wms
2895	検品格納(ソースCD)		wms
2896	検品格納(汎用)		wms
2897	検品格納(一覧)		wms
2898	検品格納(ロケ)		wms
2899	検品格納(数量)		wms
2900	検品格納確認		wms
2901	検品格納(伝票No)		wms
2902	入荷検品(汎用)		wms
2903	データを登録します		wms
2904	計算数値		wms
2905	棚卸数量荷姿	number	wms
2906	センタ(権限)		wms
2907	荷主(権限)		wms
2908	ユーザマスタメンテナンス預託グリッド		wms
2909	商品別入荷一覧(参照)		wms
2910	商品別入荷一覧(参照)グリッド		wms
2911	入力ファイル列規定値	text	wms
2912	出荷内訳		wms
2913	引当内訳		wms
2914	在庫問合せ(参照)		wms
2915	在庫問合せ(参照)グリッド(商品順(日報なし))		wms
2916	在庫問合せ(参照)グリッド(商品順(日報あり))		wms
2917	在庫問合せ(参照)グリッド(ロケーション順(日報なし))		wms
2918	在庫問合せ(参照)グリッド(ロケーション順(日報あり))		wms
2919	預託閲覧ユーザ		wms
2920	預託閲覧許可		wms
2921	預託閲覧不可		wms
2922	入庫数荷姿	number	wms
2923	荷姿グループCD	text	wms
2924	荷姿グループ名称	text	wms
2925	小数有無フラグ		wms
2926	荷姿グループマスタメンテナンス(一覧)		wms
2927	荷姿グループマスタメンテナンス(編集)		wms
2928	小数有無フラグCD	text	wms
2929	小数有無フラグ名称	text	wms
2930	荷姿グループマスタメンテナンスグリッド		wms
2931	GTIN14		wms
2932	親荷姿CD	text	wms
2933	ケースピッキング対象		wms
2934	なし		wms
2935	あり		wms
2936	商品単位	text	wms
2937	予定数荷姿	number	wms
2938	指示数荷姿	number	wms
2939	指示出庫内訳		wms
2940	指示入庫内訳		wms
2941	棚卸内訳		wms
2942	総数		wms
2943	検品数荷姿	number	wms
2944	指示内訳		wms
2945	在庫管理単位		wms
2946	在庫内訳		wms
2947	引当可能内訳		wms
2948	引当済内訳		wms
2949	作業中内訳		wms
2950	積送中内訳		wms
2951	現時点内訳		wms
2952	小数管理商品梱包単位CD		wms
2953	小数管理商品梱包単位名称		wms
2954	小数管理商品梱包単位		wms
2955	ピック内訳		wms
2956	総ピック内訳		wms
2957	在庫数荷姿	number	wms
2958	総在庫数荷姿	number	wms
2959	移動先総在庫数荷姿	number	wms
2960	移動総数荷姿	number	wms
2961	前残内訳		wms
2962	受入内訳		wms
2963	払出内訳		wms
2964	当日在庫内訳		wms
2965	在庫管理単位CD		wms
2966	在庫管理単位名称		wms
2967	差異数(以上)	number	wms
2968	棚卸数荷姿	number	wms
2969	入数単位		wms
2970	親商品選択		wms
2971	梱包No.		wms
2972	(From)		wms
2973	(To)		wms
2974	出庫数荷姿	number	wms
2975	投入数荷姿	number	wms
2976	NMFC Code	text	wms
2977	Freight Class	text	wms
2978	Freight Class名称	text	wms
2979	Country of Origin	text	wms
2980	Unit Value	number	wms
2981	Harmonized Code	text	wms
2982	Bill of lading No		wms
2983	Bill of Lading発行フラグ		wms
2984	Bill of Lading発行フラグ名称		wms
2985	Bill of Lading発行対象フラグ		wms
2986	Bill of Lading発行対象フラグ名称		wms
2987	Bill of Lading発行対象		wms
2988	Payment Term		wms
2989	Payment Term名称		wms
2990	PrePaid		wms
2991	PrePaid & Bill		wms
2992	Collect		wms
2993	COD Bill FRT		wms
2994	COD NOT Bill FRT		wms
2995	3rd Party		wms
2996	貨物追跡番号登録		wms
2997	貨物追跡No		wms
2998	荷主センタ住所１		wms
2999	荷主センタ住所２		wms
3000	荷主センタ住所３		wms
3001	荷主電話番号		wms
3002	オーダーNo		wms
3003	請求先名称		wms
3004	請求先住所１		wms
3005	請求先住所２		wms
3006	請求先住所３		wms
3007	請求先電話番号		wms
3008	出荷先名称		wms
3009	出荷先住所１		wms
3010	出荷先住所２		wms
3011	出荷先住所３		wms
3012	出荷先電話番号		wms
3013	商品コード		wms
3014	合計数量		wms
3015	CES連携フラグ		wms
3016	CES連携フラグ名称		wms
3017	納品明細書自動発行フラグ		wms
3018	納品明細書自動発行フラグ名称		wms
3019	連携しない		wms
3020	連携する		wms
3021	発行しない		wms
3022	発行する		wms
3023	PackingSlip		wms
3024	50		wms
3025	55		wms
3026	60		wms
3027	65		wms
3028	70		wms
3029	77.5		wms
3030	85		wms
3031	92.5		wms
3032	100		wms
3033	110		wms
3034	125		wms
3035	150		wms
3036	175		wms
3037	200		wms
3038	250		wms
3039	300		wms
3040	400		wms
3041	500		wms
3042	取引先		wms
3043	Collect Account# (Bill To)		wms
3044	Collect Zip Code (Bill To)		wms
3045	Collect Country Code (Bill To)		wms
3046	Payment Term Code (Taxes To)		wms
3047	Collect Account# (Taxes To)		wms
3048	Collect Zip Code (Taxes To)		wms
3049	Collect Country Code (Taxes To)		wms
3050	COD Payment Term Code		wms
3051	COD Amount	number	wms
3052	COD Fee Payer		wms
3053	Terms of Sales		wms
3054	Broker Name		wms
3055	Broker Phone#		wms
3056	Broker Fax#		wms
3057	Saturday Delivery フラグCD		wms
3058	Saturday Delivery フラグ名称		wms
3059	Residential Delivery フラグCD		wms
3060	Residential Delivery フラグ名称		wms
3061	Collect On Delivery フラグCD		wms
3062	Collect On Delivery フラグ名称		wms
3063	Signature Required フラグCD		wms
3064	Signature Required フラグ名称		wms
3065	Signature ReleaseフラグCD		wms
3066	Signature Releaseフラグ名称		wms
3067	Call Before Delivery フラグCD		wms
3068	Call Before Delivery フラグ名称		wms
3069	Freezable Protection フラグCD		wms
3070	Freezable Protection フラグ名称		wms
3071	Guaranteed Plus フラグCD		wms
3072	Guaranteed Plus フラグ名称		wms
3073	Residential Pickup フラグCD		wms
3074	Residential Pickup フラグ名称		wms
3075	Do Not Stack Pallets フラグCD		wms
3076	Do Not Stack Pallets フラグ名称		wms
3077	Limited Access Delivery フラグCD		wms
3078	Limited Access Delivery フラグ名称		wms
3079	Limited Access Pickup フラグCD		wms
3080	Limited Access Pickup フラグ名称		wms
3081	Over-Sized/Extreme Length フラグCD		wms
3082	Over-Sized/Extreme Length フラグ名称		wms
3083	Poison フラグCD		wms
3084	Poison フラグ名称		wms
3085	Food フラグCD		wms
3086	Food フラグ名称		wms
3087	Liftgate at delivery フラグCD (Prepaid)		wms
3088	Liftgate at delivery フラグ名称 (Prepaid)		wms
3089	Liftgate at delivery フラグCD (Collect)		wms
3090	Liftgate at delivery フラグ名称 (Collect)		wms
3091	Liftgate at pickup フラグCD (Prepaid)		wms
3092	Liftgate at pickup フラグ名称 (Prepaid)		wms
3093	Liftgate at pickup フラグCD (Collect)		wms
3094	Liftgate at pickup フラグ名称 (Collect)		wms
3095	Inside Delivery フラグCD (Prepaid)		wms
3096	Inside Delivery フラグ名称 (Prepaid)		wms
3097	Inside Delivery フラグCD (Collect)		wms
3098	Inside Delivery フラグ名称 (Collect)		wms
3099	Inside Pickup フラグCD (Prepaid)		wms
3100	Inside Pickup フラグ名称 (Prepaid)		wms
3101	Inside Pickup フラグCD (Collect)		wms
3102	Inside Pickup フラグ名称 (Collect)		wms
3103	キャリアEDIシステム送り状マスタメンテナンス(一覧)		wms
3104	キャリアEDIシステム送り状マスタメンテナンス(編集)		wms
3105	Saturday Delivery Flag		wms
3106	Residential Delivery Flag		wms
3107	Collect On Delivery Flag		wms
3108	Signature Required Flag		wms
3109	Signature Release Flag		wms
3110	Call Before Delivery Flag		wms
3111	Freezable Protection Flag		wms
3112	Guaranteed Plus Flag		wms
3113	Residential Pickup Flag		wms
3114	Do Not Stack Pallets Flag		wms
3115	Limited Access Delivery Flag		wms
3116	Limited Access Pickup Flag		wms
3117	Over-Sized/Extreme Length Flag		wms
3118	Poison Flag		wms
3119	Food Flag		wms
3120	Liftgate at delivery Flag (Prepaid)		wms
3121	Liftgate at delivery Flag (Collect)		wms
3122	Liftgate at pickup Flag (Prepaid)		wms
3123	Liftgate at pickup Flag (Collect)		wms
3124	Inside Delivery Flag (Prepaid)		wms
3125	Inside Delivery Flag (Collect)		wms
3126	Inside Pickup Flag (Prepaid)		wms
3127	Inside Pickup Flag (Collect)		wms
3128	Enable		wms
3129	Disable		wms
3130	キャリアEDIシステム送り状マスタ一覧グリッド		wms
3131	Tel：		wms
3132	Bill To：		wms
3133	Ship To：		wms
3134	Date：		wms
3135	Order No.：		wms
3136	Item #		wms
3137	Description		wms
3138	Quantity		wms
3139	Total Quantity		wms
3140	Special Notes		wms
3141	未発行のみ表示		wms
3142	発行対象のみ表示		wms
3143	発行取消		wms
3144	Bill of lading発行時間		wms
3145	Bill of lading発行者名称		wms
3146	Bill of Lading発行		wms
3147	出庫作業No		wms
3148	Bill of Lading発行グリッド		wms
3149	届先住所１		wms
3150	届先住所２		wms
3151	届先住所３		wms
3152	貨物追跡番号		wms
3153	Packing Slip		wms
3154	発行対象のみ		wms
3155	BILL OF LADING		wms
3156	Date:		wms
3157	Page		wms
3158	SHIP FROM		wms
3159	Name:		wms
3160	Address:		wms
3161	City/State/Zip:		wms
3162	CID#:		wms
3163	FOB:		wms
3164	SHIP TO		wms
3165	Location #:		wms
3166	THIRD PARTY FREIGHT CHARGES BILL TO:		wms
3167	SPECIAL INSTRUCTIONS:		wms
3168	Bill of Lading Number:		wms
3169	CARRIER NAME:		wms
3170	Trailer number:		wms
3171	Seal  number(s):		wms
3172	SCAC:		wms
3173	Pro Number:		wms
3174	Freight Charge Terms: 		wms
3175	(freight charges are prepaid 		wms
3176	unless marked otherwise)		wms
3177	3		wms
3178	rd		wms
3179	Party		wms
3180	(check box)		wms
3181	Master Bill of Lading:  with attached underlying Bills of Lading		wms
3182	CUSTOMER ORDER INFORMATION		wms
3183	CUSTOMER ORDER NUMBER		wms
3184	#PKGS		wms
3185	WEIGHT		wms
3186	PALLET/SILP		wms
3187	(CIRCLE ONE)		wms
3188	Y		wms
3189	N		wms
3190	ADDITIONAL SHIPPER INFO		wms
3191	Per		wms
3192	COD Amount:  $		wms
3193	Fee Terms:		wms
3194	Collact:		wms
3195	Customer check acceptable:		wms
3196	Shipper		wms
3197	Signature		wms
3198	SHIPPER SIGNATUER/DATE		wms
3199	Trailer Loaded:		wms
3200	By shipper		wms
3201	By Driver		wms
3202	Freight Counted:		wms
3203	By Driver/pallets said to contain		wms
3204	By Driver/Pieces		wms
3205	CARRIER SIGNATUER/PICKUP DATE		wms
3206	CARRIER INFORMATION		wms
3207	HANDLING UNIT		wms
3208	PACKAGE		wms
3209	QTY		wms
3210	TYPE		wms
3211	H.M.		wms
3212	(X)		wms
3213	COMMONDITY DESCRIPTION		wms
3214	GRAND TOTAL		wms
3215	Bill of Lading Sub		wms
3216	Prepaid:		wms
3217	CommercialInvoice		wms
3218	ConwayShippingLabel		wms
3219	ConwaBillofLading		wms
3220	SID#:		wms
3221	LTL Only		wms
3222	NMFC#		wms
3223	CLASS		wms
3224	単行出荷検品		wms
3225	単行出荷検品グリッド		wms
3226	提案ピッキング方法		wms
3227	仕事量		wms
3228	再提案		wms
3229	ピッキング提案		wms
3230	ピッキング提案グリッド		wms
3231	ピッキング提案明細		wms
3232	ピッキング提案明細グリッド		wms
3233	1次ピッキングリスト発行		wms
3234	単行出荷検品(No)		wms
3235	単行出荷検品(商品)		wms
3236	作業指示数選択		wms
3237	単行出荷検品(箱登録)		wms
3238	単行出荷検品(ソースCD)		wms
3239	作業指示数		wms
3240	伝票残数		wms
3241	単行ピッキングリスト		wms
3242	出荷検品エラー		wms
3243	出荷検品警告		wms
3244	総伝票数		wms
3245	検品済伝票数		wms
3246	検品済総伝票数		wms
3247	最初の商品検品後に出力		wms
3248	随時出力		wms
3249	最後の商品検品後に出力		wms
3250	単行ピック無		wms
3251	単行ピック有		wms
3252	引当可能数を引当		wms
3253	商品毎に0引当		wms
3254	納品先毎に0引当		wms
3255	自動出庫指示に含めない		wms
3256	自動出庫指示に含める		wms
3257	出庫指示を取消しない		wms
3258	出庫指示を取消		wms
3259	分離しない		wms
3260	分離する		wms
3261	トータルピック無		wms
3262	トータルピック有		wms
3263	送り状・荷札・納品明細		wms
3264	単行ピックフラグ		wms
3265	単行ピックフラグCD		wms
3266	単行ピックフラグ名称		wms
3267	単行ピック上限指示数		wms
3268	トータルピックフラグ		wms
3269	トータルピックフラグCD		wms
3270	トータルピックフラグ名称		wms
3271	最適ピック提案フラグ		wms
3272	最適ピック提案フラグCD		wms
3273	最適ピック提案フラグ名称		wms
3274	最適ピック提案APIキー		wms
3275	最適ピック提案ブレイクキー		wms
3276	最適ピック提案ブレイクキーCD		wms
3277	最適ピック提案ブレイクキー名称		wms
3278	検品後納品明細出力フラグ		wms
3279	検品後納品明細出力フラグCD		wms
3280	検品後納品明細出力フラグ名称		wms
3281	検品後納品明細出力対象		wms
3282	検品後納品明細出力対象CD		wms
3283	検品後納品明細出力対象名称		wms
3284	単行出荷検品荷札/納品明細出力区分		wms
3285	単行出荷検品荷札/納品明細出力区分CD		wms
3286	単行出荷検品荷札/納品明細出力区分名称		wms
3287	自動出庫指示フラグ		wms
3288	自動出庫指示フラグCD		wms
3289	自動出庫指示フラグ名称		wms
3290	欠品時自動出庫指示フラグ		wms
3291	欠品時自動出庫指示フラグCD		wms
3292	欠品時自動出庫指示フラグ名称		wms
3293	自動緊急フラグ設定フラグ		wms
3294	自動緊急フラグ設定フラグCD		wms
3295	自動緊急フラグ設定フラグ名称		wms
3296	自動緊急フラグ判断対象		wms
3297	自動緊急フラグ判断対象CD		wms
3298	自動緊急フラグ判断対象名称		wms
3299	自動緊急フラグ判断時間(分)		wms
3300	欠品時引当区分		wms
3301	欠品時引当区分CD		wms
3302	欠品時引当区分名称		wms
3303	欠品時出庫指示取消フラグ		wms
3304	欠品時出庫指示取消フラグCD		wms
3305	欠品時出庫指示取消フラグ名称		wms
3306	欠品時出荷指示分離フラグ		wms
3307	欠品時出荷指示分離フラグCD		wms
3308	欠品時出荷指示分離フラグ名称		wms
3309	欠品解除		wms
3310	発行解除		wms
3311	単行ピッキングリスト発行		wms
3312	一次ピッキングリスト発行		wms
3313	二次ピッキングリスト発行		wms
3314	ケースピッキングリスト発行日時		wms
3315	トータルピッキング＋摘み取り		wms
3316	トータルピッキング＋種蒔き		wms
3317	単行ピッキング		wms
3318	単行ピッキング対象		wms
3319	エラー音再生フラグ		wms
3320	エラー音再生フラグCD		wms
3321	エラー音再生フラグ名称		wms
3322	警告音再生フラグ		wms
3323	警告音再生フラグCD		wms
3324	警告音再生フラグ名称		wms
3325	検品音再生フラグ		wms
3326	検品音再生フラグCD		wms
3327	検品音再生フラグ名称		wms
3328	検品完了音再生フラグ		wms
3329	検品完了音再生フラグCD		wms
3330	検品完了音再生フラグ名称		wms
3331	マルチピック摘み取りリスト出力フラグ		wms
3332	マルチピック摘み取りリスト出力フラグCD		wms
3333	マルチピック摘み取りリスト出力フラグ名称		wms
3334	単行ピック種蒔きリスト出力フラグ		wms
3335	単行ピック種蒔きリスト出力フラグCD		wms
3336	単行ピック種蒔きリスト出力フラグ名称		wms
3337	再生する		wms
3338	再生しない		wms
3339	操作音再生フラグ		wms
3340	プロパティID		wms
3341	項目値		wms
3342	項目値解説		wms
3343	郵便番号マスタ一括取込		wms
3344	郵便番号マスタ一括取込グリッド		wms
3345	HT管理マスタメンテナンス		wms
3346	HT管理マスタメンテナンスグリッド		wms
3347	出退勤・休憩入力		wms
3348	勤怠入力		wms
3349	勤怠入力(確認)		wms
3350	します。		wms
3351	現在の時刻		wms
3352	出勤		wms
3353	退勤		wms
3354	休憩開始		wms
3355	休憩終了		wms
3356	ログ出力		wms
3357	作業時間登録		wms
3358	郵便番号種別		wms
3359	郵便番号マスタ一括取込グリッド（住所）		wms
3360	郵便番号マスタ一括取込グリッド（事業所）		wms
3361	住所		wms
3362	事業所		wms
3363	MACアドレス		wms
3364	作業者CD		wms
3365	日付…		wms
3366	時刻…		wms
3367	勤怠入力(結果)		wms
3368	しました。		wms
3369	JANシール		wms
3370	特定品種		lms
3371	荷揃対象データ無し		lms
3372	戸配区分マスタ不一致		lms
3373	論理在庫欠品		lms
3374	運送業者登録無し(指定)		lms
3375	運送業者該当無し(戸配)		lms
3376	運送業者該当無し(店送り)		lms
3377	運送業者該当無し(直送)		lms
3378	運送業者休日振替(出荷日)		lms
3379	運送業者休日(配送日)		lms
3380	運送業者振替(大物)		lms
3381	運送業者振替(重量物)		lms
3382	荷揃処理エラー		lms
3383	0		lms
3384	1		lms
3385	2		lms
3386	ピッキング完了		lms
3387	仕分完了		lms
3388	ダンボール		lms
3389	20		lms
3390	完了非表示		lms
3391	0090		lms
3392	草加物流センター		lms
3393	東北ミドリ		lms
3394	越谷物流センター		lms
3395	リテイル越谷		lms
3396	リテイル小菅		lms
3397	配達指定日無		lms
3398	預り品		lms
3399	マイナスのみ		lms
3400	通常計算		lms
3401	ECユーザ		lms
3402	540		lms
3403	4F		lms
3404	3F		lms
3405	完結しない		lms
3406	完結する		lms
3407	引き渡し前		lms
3408	引き渡し済		lms
3409	出荷送信済		lms
3410	直送		lms
3411	納品		lms
3412	使用しない		lms
3413	使用する		lms
3414	フットウエア(セフティ)		lms
3415	フットウエア(ワーク)		lms
3416	ユニフォーム		lms
3417	セフティ＆ヘルス		lms
3418	ヘルメット		lms
3419	電気計測		lms
3420	クリーンシステム		lms
3421	メディカル		lms
3422	JANCD		lms
3423	ロット管理区分		lms
3424	ロット管理区分名称		lms
3425	入荷期限日限界日数		lms
3426	出荷期限日限界日数		lms
3427	製造日管理フラグ		lms
3428	製造日管理フラグ名称		lms
3429	入荷製造日限界日数		lms
3430	出荷製造日限界日数		lms
3431	荷揃処理10足用足数		lms
3432	物流特殊区分		lms
3433	物流特殊区分名称		lms
3434	OCR日付形式		lms
3435	OCR日付形式名称		lms
3436	荷姿区分CD		lms
3437	荷姿区分名称		lms
3438	沖縄航空便不可フラグ		lms
3439	沖縄航空便不可フラグ名称		lms
3440	物流注意区分		lms
3441	物流注意区分名称		lms
3442	重量フラグ		lms
3443	重量フラグ名称		lms
3444	保険品フラグ		lms
3445	保険品フラグ名称		lms
3446	大物フラグ		lms
3447	大物フラグ名称		lms
3448	物流重量フラグ		lms
3449	物流重量フラグ名称		lms
3450	サイズ名称		lms
3451	評価単価		lms
3452	旧JANCD		lms
3453	インナーJANCD		lms
3454	推奨ロケーションCD		lms
3455	推奨ロケーション区分		lms
3456	推奨ロケーション区分名称		lms
3457	作業時間		lms
3458	フロア基準在庫		lms
3459	ヤマト運輸		lms
3460	佐川急便		lms
3461	飛脚ゆうメール		lms
3462	休日でない		lms
3463	休日		lms
3464	この出庫日での管理を廃止する   		lms
3465	未作成		lms
3466	作成済		lms
3467	差異ありのみ出力		lms
3468	未出力のロケのみ出力		lms
3469	棚卸在庫差異表		lms
3470	在庫差異確認表		lms
3471	商品別棚卸実績表兼差異表		lms
3472	商品別棚卸実績表(LOC表示あり)		lms
3473	個体管理スキャン対象外（ズボン）		lms
3474	個体管理スキャン対象（上着）		lms
3475	JAN1点読み対象		lms
3476	日本郵便		lms
3477	祝日でない		lms
3478	祝日		lms
3479	午前7時		lms
3480	午前10時		lms
3481	午前11時		lms
3482	午前12時		lms
3483	午後3時		lms
3484	午後4時		lms
3485	YYYY/MM/DD		lms
3486	YY.MM.DD		lms
3487	【通常分】出荷日別ﾋﾟｯｷﾝｸﾞ状況一覧表		lms
3488	4		lms
3489	5		lms
3490	6		lms
3491	7		lms
3492	8		lms
3493	9		lms
3494	10		lms
3495	11		lms
3496	12		lms
3497	銀行振込 		lms
3498	代金引換 		lms
3499	ペイジー 		lms
3500	モバイルSuica 		lms
3501	YPOINT利用 		lms
3502	クレジットカード 		lms
3503	前払い(コンビニ銀行郵便局) 		lms
3504	後払い(コンビニ銀行郵便局与信3万?) 		lms
3505	後払い(コンビニ銀行郵便局与信10万?) 		lms
3506	電子マネー 		lms
3507	まとめてau支払い 		lms
3508	ドコモケータイ払い 		lms
3509	銀行ネット決済 )、出荷の際の納品書に印字する決済方法		lms
3510	簡易請求書決済		lms
3511	ＳＢケータイ払い		lms
3512	全額ａｕポイント支払		lms
3513	キャリア決済		lms
3514	ＰａｙＰａｙ		lms
3515	北海道		lms
3516	青森県		lms
3517	岩手県		lms
3518	宮城県		lms
3519	秋田県		lms
3520	山形県		lms
3521	福島県		lms
3522	茨城県		lms
3523	栃木県		lms
3524	群馬県		lms
3525	埼玉県		lms
3526	千葉県		lms
3527	東京都		lms
3528	神奈川県		lms
3529	新潟県		lms
3530	富山県		lms
3531	石川県		lms
3532	福井県		lms
3533	山梨県		lms
3534	長野県		lms
3535	岐阜県		lms
3536	静岡県		lms
3537	愛知県		lms
3538	三重県		lms
3539	滋賀県		lms
3540	京都府		lms
3541	大阪府		lms
3542	兵庫県		lms
3543	奈良県		lms
3544	和歌山県		lms
3545	鳥取県		lms
3546	島根県		lms
3547	岡山県		lms
3548	広島県		lms
3549	山口県		lms
3550	徳島県		lms
3551	香川県		lms
3552	愛媛県		lms
3553	高知県		lms
3554	福岡県		lms
3555	佐賀県		lms
3556	長崎県		lms
3557	熊本県		lms
3558	大分県		lms
3559	宮崎県		lms
3560	鹿児島県		lms
3561	沖縄県		lms
3562	差異金額を非表示		lms
3563	P135		lms
3564	P161		lms
3565	P801		lms
3566	P900		lms
3567	FW		lms
3568	SH		lms
3569	UN		lms
3570	HM		lms
3571	DS		lms
3572	CS		lms
3573	MD		lms
3574	格納済		lms
3575	発注入荷		lms
3576	振替入荷		lms
3577	加工入荷		lms
3578	転送入荷		lms
3579	預り品入荷		lms
3580	01		lms
3581	02		lms
3582	03		lms
3583	04		lms
3584	05		lms
3585	06		lms
3586	残数無		lms
3587	残数有		lms
3588	サンプル品		lms
3589	出荷指示日		lms
3590	共有商品		lms
3591	出荷検品済を非表示		lms
3592	出荷未検品		lms
3593	出荷検品一部完了		lms
3594	出荷検品完了		lms
3595	緊急出荷		lms
3596	商品振替渡し		lms
3597	加工渡し		lms
3598	転送出荷		lms
3599	通常　		lms
3600	XX		lms
3601	バラ荷揃表		lms
3602	ケース荷揃表		lms
3603	バラトータル荷揃表(戸配)		lms
3604	ケース荷揃表(戸配)		lms
3605	バラトータル荷揃表		lms
3606	荷札		lms
3607	一体型伝票(荷札、納品書)		lms
3608	梱包明細		lms
3609	個別貼り付けラベル		lms
3610	個人別支給明細		lms
3611	戸配		lms
3612	店送り		lms
3613	購買発注伝票（発注伝票タイプがZNB(標準購買発注)、ZUB(在庫転送オーダー)）		lms
3614	出荷伝票（出荷伝票タイプがZCJ2(得意先返品))		lms
3615	出荷伝票（出荷伝票タイプがZCJ5(在庫転送(返品))、ZCJ6(在庫転送(会社間返品)))		lms
3616	仕入返品用（入庫予定では未使用）		lms
3617	出荷伝票（受注伝票タイプがZBH2(預かり品入荷)の受注伝票を参照して登録された出荷伝票)		lms
3618	差異無		lms
3619	差異有		lms
3620	商品順(日報なし)		lms
3621	商品順(日報あり)		lms
3622	ロケーション順(日報なし)		lms
3623	ロケーション順(日報あり)		lms
3624	在庫ありのみ		lms
3625	調整(－)		lms
3626	調整(＋)		lms
3627	緊急補充他		lms
3628	ロケ基準在庫		lms
3629	確定済		lms
3630	実績送信済		lms
3631	良品返却		lms
3632	廃棄返却		lms
3633	XXXX		lms
3634	単位名称		wms
