SCREEN_CD	DICT_NM	ROLE_CD	DICT_NM	VISIBLE	ROLE_CD	DICT_NM	VISIBLE	ROLE_CD	DICT_NM	VISIBLE	ROLE_CD	DICT_NM	VISIBLE	ROLE_CD	DICT_NM	VISIBLE	ROLE_CD	DICT_NM	VISIBLE	ROLE_CD	DICT_NM	VISIBLE	ROLE_CD	DICT_NM	VISIBLE	ROLE_CD	DICT_NM	VISIBLE	ROLE_CD	DICT_NM	VISIBLE	ROLE_CD	DICT_NM	VISIBLE
SelectClient	ユーザ荷主倉庫選択	NoSystemMaintenance	システム管理不可		NoWmsMasterMaintenance	WMSマスタ管理不可		NoDaily	日次締処理不可		ViewOnly	閲覧許可	1	Workers	管理作業者権限		NoClientCenterEdit	荷主センタ編集不可		NoCommonSetting	共通設定不可		NoViewShipping	出荷閲覧不可		NoTotalStockList	トータル在庫問合せ不可		DepositViewOnly	預託閲覧許可	1	NoViewDeposit	預託閲覧不可	
LocationMasterSearch	ロケーションマスタ検索	NoSystemMaintenance	システム管理不可		NoWmsMasterMaintenance	WMSマスタ管理不可		NoDaily	日次締処理不可		ViewOnly	閲覧許可	1	Workers	管理作業者権限		NoClientCenterEdit	荷主センタ編集不可		NoCommonSetting	共通設定不可		NoViewShipping	出荷閲覧不可		NoTotalStockList	トータル在庫問合せ不可		DepositViewOnly	預託閲覧許可	1	NoViewDeposit	預託閲覧不可	
DeliveryCourseSearch	配送コースマスタ検索	NoSystemMaintenance	システム管理不可		NoWmsMasterMaintenance	WMSマスタ管理不可		NoDaily	日次締処理不可		ViewOnly	閲覧許可	1	Workers	管理作業者権限		NoClientCenterEdit	荷主センタ編集不可		NoCommonSetting	共通設定不可		NoViewShipping	出荷閲覧不可		NoTotalStockList	トータル在庫問合せ不可		DepositViewOnly	預託閲覧許可	1	NoViewDeposit	預託閲覧不可	
DeliveryMasterSearch	納品先マスタ検索	NoSystemMaintenance	システム管理不可		NoWmsMasterMaintenance	WMSマスタ管理不可		NoDaily	日次締処理不可		ViewOnly	閲覧許可	1	Workers	管理作業者権限		NoClientCenterEdit	荷主センタ編集不可		NoCommonSetting	共通設定不可		NoViewShipping	出荷閲覧不可		NoTotalStockList	トータル在庫問合せ不可		DepositViewOnly	預託閲覧許可	1	NoViewDeposit	預託閲覧不可	
ProductMasterSearch	商品マスタ検索	NoSystemMaintenance	システム管理不可		NoWmsMasterMaintenance	WMSマスタ管理不可		NoDaily	日次締処理不可		ViewOnly	閲覧許可	1	Workers	管理作業者権限		NoClientCenterEdit	荷主センタ編集不可		NoCommonSetting	共通設定不可		NoViewShipping	出荷閲覧不可		NoTotalStockList	トータル在庫問合せ不可		DepositViewOnly	預託閲覧許可	1	NoViewDeposit	預託閲覧不可	
VendorMasterSearch	仕入先マスタ検索	NoSystemMaintenance	システム管理不可		NoWmsMasterMaintenance	WMSマスタ管理不可		NoDaily	日次締処理不可		ViewOnly	閲覧許可	1	Workers	管理作業者権限		NoClientCenterEdit	荷主センタ編集不可		NoCommonSetting	共通設定不可		NoViewShipping	出荷閲覧不可		NoTotalStockList	トータル在庫問合せ不可		DepositViewOnly	預託閲覧許可	1	NoViewDeposit	預託閲覧不可	
HTDictMaster	HT辞書マスタメンテナンス	NoSystemMaintenance	システム管理不可	0	NoWmsMasterMaintenance	WMSマスタ管理不可		NoDaily	日次締処理不可		ViewOnly	閲覧許可		Workers	管理作業者権限		NoClientCenterEdit	荷主センタ編集不可		NoCommonSetting	共通設定不可		NoViewShipping	出荷閲覧不可		NoTotalStockList	トータル在庫問合せ不可		DepositViewOnly	預託閲覧許可		NoViewDeposit	預託閲覧不可	
HTDictCultureMaster	HT辞書カルチャマスタメンテナンス	NoSystemMaintenance	システム管理不可	0	NoWmsMasterMaintenance	WMSマスタ管理不可		NoDaily	日次締処理不可		ViewOnly	閲覧許可		Workers	管理作業者権限		NoClientCenterEdit	荷主センタ編集不可		NoCommonSetting	共通設定不可		NoViewShipping	出荷閲覧不可		NoTotalStockList	トータル在庫問合せ不可		DepositViewOnly	預託閲覧許可		NoViewDeposit	預託閲覧不可	
HTMessageMaster	HTメッセージマスタメンテナンス	NoSystemMaintenance	システム管理不可	0	NoWmsMasterMaintenance	WMSマスタ管理不可		NoDaily	日次締処理不可		ViewOnly	閲覧許可		Workers	管理作業者権限		NoClientCenterEdit	荷主センタ編集不可		NoCommonSetting	共通設定不可		NoViewShipping	出荷閲覧不可		NoTotalStockList	トータル在庫問合せ不可		DepositViewOnly	預託閲覧許可		NoViewDeposit	預託閲覧不可	
CenterClassList	センタ別区分値マスタメンテナンス(一覧)	NoSystemMaintenance	システム管理不可	0	NoWmsMasterMaintenance	WMSマスタ管理不可		NoDaily	日次締処理不可		ViewOnly	閲覧許可		Workers	管理作業者権限		NoClientCenterEdit	荷主センタ編集不可		NoCommonSetting	共通設定不可		NoViewShipping	出荷閲覧不可		NoTotalStockList	トータル在庫問合せ不可		DepositViewOnly	預託閲覧許可		NoViewDeposit	預託閲覧不可	
CenterClassEdit	センタ別区分値マスタメンテナンス(編集)	NoSystemMaintenance	システム管理不可	0	NoWmsMasterMaintenance	WMSマスタ管理不可		NoDaily	日次締処理不可		ViewOnly	閲覧許可		Workers	管理作業者権限		NoClientCenterEdit	荷主センタ編集不可		NoCommonSetting	共通設定不可		NoViewShipping	出荷閲覧不可		NoTotalStockList	トータル在庫問合せ不可		DepositViewOnly	預託閲覧許可		NoViewDeposit	預託閲覧不可	
CenterClassGrpDtlEdit	センタ別区分値グループ明細マスタメンテナンス(編集)	NoSystemMaintenance	システム管理不可	0	NoWmsMasterMaintenance	WMSマスタ管理不可		NoDaily	日次締処理不可		ViewOnly	閲覧許可		Workers	管理作業者権限		NoClientCenterEdit	荷主センタ編集不可		NoCommonSetting	共通設定不可		NoViewShipping	出荷閲覧不可		NoTotalStockList	トータル在庫問合せ不可		DepositViewOnly	預託閲覧許可		NoViewDeposit	預託閲覧不可	
CenterClassGrpEdit	センタ別区分値グループマスタメンテナンス(編集)	NoSystemMaintenance	システム管理不可	0	NoWmsMasterMaintenance	WMSマスタ管理不可		NoDaily	日次締処理不可		ViewOnly	閲覧許可		Workers	管理作業者権限		NoClientCenterEdit	荷主センタ編集不可		NoCommonSetting	共通設定不可		NoViewShipping	出荷閲覧不可		NoTotalStockList	トータル在庫問合せ不可		DepositViewOnly	預託閲覧許可		NoViewDeposit	預託閲覧不可	
CenterClientScreenMaster	センタ・荷主別画面マスタメンテナンス	NoSystemMaintenance	システム管理不可	0	NoWmsMasterMaintenance	WMSマスタ管理不可		NoDaily	日次締処理不可		ViewOnly	閲覧許可		Workers	管理作業者権限		NoClientCenterEdit	荷主センタ編集不可		NoCommonSetting	共通設定不可		NoViewShipping	出荷閲覧不可		NoTotalStockList	トータル在庫問合せ不可		DepositViewOnly	預託閲覧許可		NoViewDeposit	預託閲覧不可	
CenterClientScreenItemMaster	センタ・荷主別画面項目マスタメンテナンス	NoSystemMaintenance	システム管理不可	0	NoWmsMasterMaintenance	WMSマスタ管理不可		NoDaily	日次締処理不可		ViewOnly	閲覧許可		Workers	管理作業者権限		NoClientCenterEdit	荷主センタ編集不可		NoCommonSetting	共通設定不可		NoViewShipping	出荷閲覧不可		NoTotalStockList	トータル在庫問合せ不可		DepositViewOnly	預託閲覧許可		NoViewDeposit	預託閲覧不可	
CenterClientScreenColMaster	センタ・荷主別画面グリッドマスタメンテナンス	NoSystemMaintenance	システム管理不可	0	NoWmsMasterMaintenance	WMSマスタ管理不可		NoDaily	日次締処理不可		ViewOnly	閲覧許可		Workers	管理作業者権限		NoClientCenterEdit	荷主センタ編集不可		NoCommonSetting	共通設定不可		NoViewShipping	出荷閲覧不可		NoTotalStockList	トータル在庫問合せ不可		DepositViewOnly	預託閲覧許可		NoViewDeposit	預託閲覧不可	
EdiList	EDIマスタメンテナンス(一覧)	NoSystemMaintenance	システム管理不可	0	NoWmsMasterMaintenance	WMSマスタ管理不可	0	NoDaily	日次締処理不可		ViewOnly	閲覧許可		Workers	管理作業者権限		NoClientCenterEdit	荷主センタ編集不可		NoCommonSetting	共通設定不可		NoViewShipping	出荷閲覧不可		NoTotalStockList	トータル在庫問合せ不可		DepositViewOnly	預託閲覧許可		NoViewDeposit	預託閲覧不可	
EdiEdit	EDIマスタメンテナンス(編集)	NoSystemMaintenance	システム管理不可	0	NoWmsMasterMaintenance	WMSマスタ管理不可	0	NoDaily	日次締処理不可		ViewOnly	閲覧許可		Workers	管理作業者権限		NoClientCenterEdit	荷主センタ編集不可		NoCommonSetting	共通設定不可		NoViewShipping	出荷閲覧不可		NoTotalStockList	トータル在庫問合せ不可		DepositViewOnly	預託閲覧許可		NoViewDeposit	預託閲覧不可	
ImportTypeMasterList	取込種別マスタメンテナンス(一覧)	NoSystemMaintenance	システム管理不可	0	NoWmsMasterMaintenance	WMSマスタ管理不可	0	NoDaily	日次締処理不可		ViewOnly	閲覧許可		Workers	管理作業者権限		NoClientCenterEdit	荷主センタ編集不可		NoCommonSetting	共通設定不可		NoViewShipping	出荷閲覧不可		NoTotalStockList	トータル在庫問合せ不可		DepositViewOnly	預託閲覧許可		NoViewDeposit	預託閲覧不可	
ImportTypeMasterEdit	取込種別マスタメンテナンス(編集)	NoSystemMaintenance	システム管理不可	0	NoWmsMasterMaintenance	WMSマスタ管理不可	0	NoDaily	日次締処理不可		ViewOnly	閲覧許可		Workers	管理作業者権限		NoClientCenterEdit	荷主センタ編集不可		NoCommonSetting	共通設定不可		NoViewShipping	出荷閲覧不可		NoTotalStockList	トータル在庫問合せ不可		DepositViewOnly	預託閲覧許可		NoViewDeposit	預託閲覧不可	
ImportTypeBCopyColumnInput	取込種別コピー列名入力	NoSystemMaintenance	システム管理不可	0	NoWmsMasterMaintenance	WMSマスタ管理不可	0	NoDaily	日次締処理不可		ViewOnly	閲覧許可		Workers	管理作業者権限		NoClientCenterEdit	荷主センタ編集不可		NoCommonSetting	共通設定不可		NoViewShipping	出荷閲覧不可		NoTotalStockList	トータル在庫問合せ不可		DepositViewOnly	預託閲覧許可		NoViewDeposit	預託閲覧不可	
MatchingMaster	マッチングマスタメンテナンス	NoSystemMaintenance	システム管理不可	0	NoWmsMasterMaintenance	WMSマスタ管理不可	0	NoDaily	日次締処理不可		ViewOnly	閲覧許可		Workers	管理作業者権限		NoClientCenterEdit	荷主センタ編集不可		NoCommonSetting	共通設定不可		NoViewShipping	出荷閲覧不可		NoTotalStockList	トータル在庫問合せ不可		DepositViewOnly	預託閲覧許可		NoViewDeposit	預託閲覧不可	
DataInput	初期データ取込	NoSystemMaintenance	システム管理不可	0	NoWmsMasterMaintenance	WMSマスタ管理不可		NoDaily	日次締処理不可		ViewOnly	閲覧許可		Workers	管理作業者権限		NoClientCenterEdit	荷主センタ編集不可		NoCommonSetting	共通設定不可		NoViewShipping	出荷閲覧不可		NoTotalStockList	トータル在庫問合せ不可		DepositViewOnly	預託閲覧許可		NoViewDeposit	預託閲覧不可	
ProcessTypeMaster	処理区分マスタメンテナンス	NoSystemMaintenance	システム管理不可		NoWmsMasterMaintenance	WMSマスタ管理不可	0	NoDaily	日次締処理不可		ViewOnly	閲覧許可		Workers	管理作業者権限		NoClientCenterEdit	荷主センタ編集不可		NoCommonSetting	共通設定不可		NoViewShipping	出荷閲覧不可		NoTotalStockList	トータル在庫問合せ不可		DepositViewOnly	預託閲覧許可		NoViewDeposit	預託閲覧不可	
CarrierSlipYmtMaster	ヤマト送り状マスタメンテナンス(一覧)	NoSystemMaintenance	システム管理不可		NoWmsMasterMaintenance	WMSマスタ管理不可	0	NoDaily	日次締処理不可		ViewOnly	閲覧許可		Workers	管理作業者権限	0	NoClientCenterEdit	荷主センタ編集不可		NoCommonSetting	共通設定不可		NoViewShipping	出荷閲覧不可		NoTotalStockList	トータル在庫問合せ不可		DepositViewOnly	預託閲覧許可		NoViewDeposit	預託閲覧不可	
CarrierSlipYmtMasterEdit	ヤマト送り状マスタメンテナンス(編集)	NoSystemMaintenance	システム管理不可		NoWmsMasterMaintenance	WMSマスタ管理不可	0	NoDaily	日次締処理不可		ViewOnly	閲覧許可		Workers	管理作業者権限		NoClientCenterEdit	荷主センタ編集不可		NoCommonSetting	共通設定不可		NoViewShipping	出荷閲覧不可		NoTotalStockList	トータル在庫問合せ不可		DepositViewOnly	預託閲覧許可		NoViewDeposit	預託閲覧不可	
CarrierSlipSgwMaster	佐川送り状マスタメンテナンス(一覧)	NoSystemMaintenance	システム管理不可		NoWmsMasterMaintenance	WMSマスタ管理不可	0	NoDaily	日次締処理不可		ViewOnly	閲覧許可		Workers	管理作業者権限	0	NoClientCenterEdit	荷主センタ編集不可		NoCommonSetting	共通設定不可		NoViewShipping	出荷閲覧不可		NoTotalStockList	トータル在庫問合せ不可		DepositViewOnly	預託閲覧許可		NoViewDeposit	預託閲覧不可	
CarrierSlipSgwMasterEdit	佐川送り状マスタメンテナンス(編集)	NoSystemMaintenance	システム管理不可		NoWmsMasterMaintenance	WMSマスタ管理不可	0	NoDaily	日次締処理不可		ViewOnly	閲覧許可		Workers	管理作業者権限		NoClientCenterEdit	荷主センタ編集不可		NoCommonSetting	共通設定不可		NoViewShipping	出荷閲覧不可		NoTotalStockList	トータル在庫問合せ不可		DepositViewOnly	預託閲覧許可		NoViewDeposit	預託閲覧不可	
CarrierSlipYupkMaster	ゆうパック送り状マスタメンテナンス(一覧)	NoSystemMaintenance	システム管理不可		NoWmsMasterMaintenance	WMSマスタ管理不可	0	NoDaily	日次締処理不可		ViewOnly	閲覧許可		Workers	管理作業者権限	0	NoClientCenterEdit	荷主センタ編集不可		NoCommonSetting	共通設定不可		NoViewShipping	出荷閲覧不可		NoTotalStockList	トータル在庫問合せ不可		DepositViewOnly	預託閲覧許可		NoViewDeposit	預託閲覧不可	
CarrierSlipYupkMasterEdit	ゆうパック送り状マスタメンテナンス(編集)	NoSystemMaintenance	システム管理不可		NoWmsMasterMaintenance	WMSマスタ管理不可	0	NoDaily	日次締処理不可		ViewOnly	閲覧許可		Workers	管理作業者権限		NoClientCenterEdit	荷主センタ編集不可		NoCommonSetting	共通設定不可		NoViewShipping	出荷閲覧不可		NoTotalStockList	トータル在庫問合せ不可		DepositViewOnly	預託閲覧許可		NoViewDeposit	預託閲覧不可	
CenterRelatedCopy	センタ関連マスタ作成	NoSystemMaintenance	システム管理不可	0	NoWmsMasterMaintenance	WMSマスタ管理不可	0	NoDaily	日次締処理不可		ViewOnly	閲覧許可		Workers	管理作業者権限	0	NoClientCenterEdit	荷主センタ編集不可		NoCommonSetting	共通設定不可		NoViewShipping	出荷閲覧不可		NoTotalStockList	トータル在庫問合せ不可		DepositViewOnly	預託閲覧許可		NoViewDeposit	預託閲覧不可	
BarcodeLabelBulkPrint	バーコードラベル一括出力	NoSystemMaintenance	システム管理不可		NoWmsMasterMaintenance	WMSマスタ管理不可	0	NoDaily	日次締処理不可		ViewOnly	閲覧許可		Workers	管理作業者権限		NoClientCenterEdit	荷主センタ編集不可		NoCommonSetting	共通設定不可		NoViewShipping	出荷閲覧不可		NoTotalStockList	トータル在庫問合せ不可		DepositViewOnly	預託閲覧許可		NoViewDeposit	預託閲覧不可	
ClientMaster	荷主マスタメンテナンス	NoSystemMaintenance	システム管理不可		NoWmsMasterMaintenance	WMSマスタ管理不可	0	NoDaily	日次締処理不可		ViewOnly	閲覧許可		Workers	管理作業者権限		NoClientCenterEdit	荷主センタ編集不可		NoCommonSetting	共通設定不可		NoViewShipping	出荷閲覧不可		NoTotalStockList	トータル在庫問合せ不可		DepositViewOnly	預託閲覧許可		NoViewDeposit	預託閲覧不可	
CenterMasterList	センタマスタメンテナンス(一覧)	NoSystemMaintenance	システム管理不可		NoWmsMasterMaintenance	WMSマスタ管理不可	0	NoDaily	日次締処理不可		ViewOnly	閲覧許可		Workers	管理作業者権限		NoClientCenterEdit	荷主センタ編集不可		NoCommonSetting	共通設定不可		NoViewShipping	出荷閲覧不可		NoTotalStockList	トータル在庫問合せ不可		DepositViewOnly	預託閲覧許可		NoViewDeposit	預託閲覧不可	
CenterMasterEdit	センタマスタメンテナンス(編集)	NoSystemMaintenance	システム管理不可		NoWmsMasterMaintenance	WMSマスタ管理不可	0	NoDaily	日次締処理不可		ViewOnly	閲覧許可		Workers	管理作業者権限		NoClientCenterEdit	荷主センタ編集不可		NoCommonSetting	共通設定不可		NoViewShipping	出荷閲覧不可		NoTotalStockList	トータル在庫問合せ不可		DepositViewOnly	預託閲覧許可		NoViewDeposit	預託閲覧不可	
ParameterMasterEdit	パラメータマスタメンテナンス(編集)	NoSystemMaintenance	システム管理不可		NoWmsMasterMaintenance	WMSマスタ管理不可	0	NoDaily	日次締処理不可		ViewOnly	閲覧許可		Workers	管理作業者権限		NoClientCenterEdit	荷主センタ編集不可		NoCommonSetting	共通設定不可		NoViewShipping	出荷閲覧不可		NoTotalStockList	トータル在庫問合せ不可		DepositViewOnly	預託閲覧許可		NoViewDeposit	預託閲覧不可	
WarehouseMaster	倉庫マスタメンテナンス	NoSystemMaintenance	システム管理不可		NoWmsMasterMaintenance	WMSマスタ管理不可	0	NoDaily	日次締処理不可		ViewOnly	閲覧許可		Workers	管理作業者権限		NoClientCenterEdit	荷主センタ編集不可		NoCommonSetting	共通設定不可		NoViewShipping	出荷閲覧不可		NoTotalStockList	トータル在庫問合せ不可		DepositViewOnly	預託閲覧許可		NoViewDeposit	預託閲覧不可	
ZoneMaster	ゾーンマスタメンテナンス	NoSystemMaintenance	システム管理不可		NoWmsMasterMaintenance	WMSマスタ管理不可	0	NoDaily	日次締処理不可		ViewOnly	閲覧許可		Workers	管理作業者権限		NoClientCenterEdit	荷主センタ編集不可		NoCommonSetting	共通設定不可		NoViewShipping	出荷閲覧不可		NoTotalStockList	トータル在庫問合せ不可		DepositViewOnly	預託閲覧許可		NoViewDeposit	預託閲覧不可	
LocationMaster	ロケーションマスタメンテナンス(一覧)	NoSystemMaintenance	システム管理不可		NoWmsMasterMaintenance	WMSマスタ管理不可	0	NoDaily	日次締処理不可		ViewOnly	閲覧許可		Workers	管理作業者権限		NoClientCenterEdit	荷主センタ編集不可		NoCommonSetting	共通設定不可		NoViewShipping	出荷閲覧不可		NoTotalStockList	トータル在庫問合せ不可		DepositViewOnly	預託閲覧許可		NoViewDeposit	預託閲覧不可	
LocationMasterEdit	ロケーションマスタメンテナンス(編集)	NoSystemMaintenance	システム管理不可		NoWmsMasterMaintenance	WMSマスタ管理不可	0	NoDaily	日次締処理不可		ViewOnly	閲覧許可		Workers	管理作業者権限		NoClientCenterEdit	荷主センタ編集不可		NoCommonSetting	共通設定不可		NoViewShipping	出荷閲覧不可		NoTotalStockList	トータル在庫問合せ不可		DepositViewOnly	預託閲覧許可		NoViewDeposit	預託閲覧不可	
LocationMasterBulkInput	ロケーションマスタ一括取込	NoSystemMaintenance	システム管理不可		NoWmsMasterMaintenance	WMSマスタ管理不可	0	NoDaily	日次締処理不可		ViewOnly	閲覧許可		Workers	管理作業者権限		NoClientCenterEdit	荷主センタ編集不可		NoCommonSetting	共通設定不可		NoViewShipping	出荷閲覧不可		NoTotalStockList	トータル在庫問合せ不可		DepositViewOnly	預託閲覧許可		NoViewDeposit	預託閲覧不可	
LocationBarcodeListPrint	ロケーションバーコードリスト発行	NoSystemMaintenance	システム管理不可		NoWmsMasterMaintenance	WMSマスタ管理不可	0	NoDaily	日次締処理不可		ViewOnly	閲覧許可		Workers	管理作業者権限		NoClientCenterEdit	荷主センタ編集不可		NoCommonSetting	共通設定不可		NoViewShipping	出荷閲覧不可		NoTotalStockList	トータル在庫問合せ不可		DepositViewOnly	預託閲覧許可		NoViewDeposit	預託閲覧不可	
CustomerMasterList	取引先マスタメンテナンス(一覧)	NoSystemMaintenance	システム管理不可		NoWmsMasterMaintenance	WMSマスタ管理不可	0	NoDaily	日次締処理不可		ViewOnly	閲覧許可		Workers	管理作業者権限		NoClientCenterEdit	荷主センタ編集不可		NoCommonSetting	共通設定不可		NoViewShipping	出荷閲覧不可		NoTotalStockList	トータル在庫問合せ不可		DepositViewOnly	預託閲覧許可		NoViewDeposit	預託閲覧不可	
CustomerMasterEdit	取引先マスタメンテナンス(編集)	NoSystemMaintenance	システム管理不可		NoWmsMasterMaintenance	WMSマスタ管理不可	0	NoDaily	日次締処理不可		ViewOnly	閲覧許可		Workers	管理作業者権限		NoClientCenterEdit	荷主センタ編集不可		NoCommonSetting	共通設定不可		NoViewShipping	出荷閲覧不可		NoTotalStockList	トータル在庫問合せ不可		DepositViewOnly	預託閲覧許可		NoViewDeposit	預託閲覧不可	
CustomerMasterBulkInput	取引先マスタ一括取込	NoSystemMaintenance	システム管理不可		NoWmsMasterMaintenance	WMSマスタ管理不可	0	NoDaily	日次締処理不可		ViewOnly	閲覧許可		Workers	管理作業者権限		NoClientCenterEdit	荷主センタ編集不可		NoCommonSetting	共通設定不可		NoViewShipping	出荷閲覧不可		NoTotalStockList	トータル在庫問合せ不可		DepositViewOnly	預託閲覧許可		NoViewDeposit	預託閲覧不可	
CarrierMasterList	運送業者マスタメンテナンス(一覧)	NoSystemMaintenance	システム管理不可		NoWmsMasterMaintenance	WMSマスタ管理不可	0	NoDaily	日次締処理不可		ViewOnly	閲覧許可		Workers	管理作業者権限		NoClientCenterEdit	荷主センタ編集不可		NoCommonSetting	共通設定不可		NoViewShipping	出荷閲覧不可		NoTotalStockList	トータル在庫問合せ不可		DepositViewOnly	預託閲覧許可		NoViewDeposit	預託閲覧不可	
CarrierMasterEdit	運送業者マスタメンテナンス(編集)	NoSystemMaintenance	システム管理不可		NoWmsMasterMaintenance	WMSマスタ管理不可	0	NoDaily	日次締処理不可		ViewOnly	閲覧許可		Workers	管理作業者権限		NoClientCenterEdit	荷主センタ編集不可		NoCommonSetting	共通設定不可		NoViewShipping	出荷閲覧不可		NoTotalStockList	トータル在庫問合せ不可		DepositViewOnly	預託閲覧許可		NoViewDeposit	預託閲覧不可	
DeliveryCourseMasterList	配送コースマスタメンテナンス(一覧)	NoSystemMaintenance	システム管理不可		NoWmsMasterMaintenance	WMSマスタ管理不可	0	NoDaily	日次締処理不可		ViewOnly	閲覧許可		Workers	管理作業者権限		NoClientCenterEdit	荷主センタ編集不可		NoCommonSetting	共通設定不可		NoViewShipping	出荷閲覧不可		NoTotalStockList	トータル在庫問合せ不可		DepositViewOnly	預託閲覧許可		NoViewDeposit	預託閲覧不可	
DeliveryCourseMasterEdit	配送コースマスタメンテナンス(編集)	NoSystemMaintenance	システム管理不可		NoWmsMasterMaintenance	WMSマスタ管理不可	0	NoDaily	日次締処理不可		ViewOnly	閲覧許可		Workers	管理作業者権限		NoClientCenterEdit	荷主センタ編集不可		NoCommonSetting	共通設定不可		NoViewShipping	出荷閲覧不可		NoTotalStockList	トータル在庫問合せ不可		DepositViewOnly	預託閲覧許可		NoViewDeposit	預託閲覧不可	
ProductMasterList	商品マスタメンテナンス(一覧)	NoSystemMaintenance	システム管理不可		NoWmsMasterMaintenance	WMSマスタ管理不可	0	NoDaily	日次締処理不可		ViewOnly	閲覧許可		Workers	管理作業者権限		NoClientCenterEdit	荷主センタ編集不可		NoCommonSetting	共通設定不可		NoViewShipping	出荷閲覧不可		NoTotalStockList	トータル在庫問合せ不可		DepositViewOnly	預託閲覧許可		NoViewDeposit	預託閲覧不可	
ProductMasterListNum	出力枚数指定	NoSystemMaintenance	システム管理不可		NoWmsMasterMaintenance	WMSマスタ管理不可	0	NoDaily	日次締処理不可		ViewOnly	閲覧許可		Workers	管理作業者権限		NoClientCenterEdit	荷主センタ編集不可		NoCommonSetting	共通設定不可		NoViewShipping	出荷閲覧不可		NoTotalStockList	トータル在庫問合せ不可		DepositViewOnly	預託閲覧許可		NoViewDeposit	預託閲覧不可	
ProductMasterEdit	商品マスタメンテナンス(編集)	NoSystemMaintenance	システム管理不可		NoWmsMasterMaintenance	WMSマスタ管理不可	0	NoDaily	日次締処理不可		ViewOnly	閲覧許可		Workers	管理作業者権限		NoClientCenterEdit	荷主センタ編集不可		NoCommonSetting	共通設定不可		NoViewShipping	出荷閲覧不可		NoTotalStockList	トータル在庫問合せ不可		DepositViewOnly	預託閲覧許可		NoViewDeposit	預託閲覧不可	
ProductMasterBulkInput	商品マスタ一括取込	NoSystemMaintenance	システム管理不可		NoWmsMasterMaintenance	WMSマスタ管理不可	0	NoDaily	日次締処理不可		ViewOnly	閲覧許可		Workers	管理作業者権限		NoClientCenterEdit	荷主センタ編集不可		NoCommonSetting	共通設定不可		NoViewShipping	出荷閲覧不可		NoTotalStockList	トータル在庫問合せ不可		DepositViewOnly	預託閲覧許可		NoViewDeposit	預託閲覧不可	
ProductShapeMasterBulkInput	商品荷姿マスタ一括取込	NoSystemMaintenance	システム管理不可		NoWmsMasterMaintenance	WMSマスタ管理不可	0	NoDaily	日次締処理不可		ViewOnly	閲覧許可		Workers	管理作業者権限		NoClientCenterEdit	荷主センタ編集不可		NoCommonSetting	共通設定不可		NoViewShipping	出荷閲覧不可		NoTotalStockList	トータル在庫問合せ不可		DepositViewOnly	預託閲覧許可		NoViewDeposit	預託閲覧不可	
SetStructureSearch	セット品構成マスタメンテナンス(一覧)	NoSystemMaintenance	システム管理不可		NoWmsMasterMaintenance	WMSマスタ管理不可	0	NoDaily	日次締処理不可		ViewOnly	閲覧許可		Workers	管理作業者権限		NoClientCenterEdit	荷主センタ編集不可		NoCommonSetting	共通設定不可		NoViewShipping	出荷閲覧不可		NoTotalStockList	トータル在庫問合せ不可		DepositViewOnly	預託閲覧許可		NoViewDeposit	預託閲覧不可	
SetStructureEdit	セット品構成マスタメンテナンス(編集)	NoSystemMaintenance	システム管理不可		NoWmsMasterMaintenance	WMSマスタ管理不可	0	NoDaily	日次締処理不可		ViewOnly	閲覧許可		Workers	管理作業者権限		NoClientCenterEdit	荷主センタ編集不可		NoCommonSetting	共通設定不可		NoViewShipping	出荷閲覧不可		NoTotalStockList	トータル在庫問合せ不可		DepositViewOnly	預託閲覧許可		NoViewDeposit	預託閲覧不可	
BoxMaster	荷材マスタメンテナンス	NoSystemMaintenance	システム管理不可		NoWmsMasterMaintenance	WMSマスタ管理不可	0	NoDaily	日次締処理不可		ViewOnly	閲覧許可		Workers	管理作業者権限		NoClientCenterEdit	荷主センタ編集不可		NoCommonSetting	共通設定不可		NoViewShipping	出荷閲覧不可		NoTotalStockList	トータル在庫問合せ不可		DepositViewOnly	預託閲覧許可		NoViewDeposit	預託閲覧不可	
BoxGroupMasterList	荷材グループマスタメンテナンス(一覧)	NoSystemMaintenance	システム管理不可		NoWmsMasterMaintenance	WMSマスタ管理不可	0	NoDaily	日次締処理不可		ViewOnly	閲覧許可		Workers	管理作業者権限		NoClientCenterEdit	荷主センタ編集不可		NoCommonSetting	共通設定不可		NoViewShipping	出荷閲覧不可		NoTotalStockList	トータル在庫問合せ不可		DepositViewOnly	預託閲覧許可		NoViewDeposit	預託閲覧不可	
BoxGroupMasterEdit	荷材グループマスタメンテナンス(編集)	NoSystemMaintenance	システム管理不可		NoWmsMasterMaintenance	WMSマスタ管理不可	0	NoDaily	日次締処理不可		ViewOnly	閲覧許可		Workers	管理作業者権限		NoClientCenterEdit	荷主センタ編集不可		NoCommonSetting	共通設定不可		NoViewShipping	出荷閲覧不可		NoTotalStockList	トータル在庫問合せ不可		DepositViewOnly	預託閲覧許可		NoViewDeposit	預託閲覧不可	
StockTypeMaster	在庫区分マスタメンテナンス	NoSystemMaintenance	システム管理不可		NoWmsMasterMaintenance	WMSマスタ管理不可	0	NoDaily	日次締処理不可		ViewOnly	閲覧許可		Workers	管理作業者権限		NoClientCenterEdit	荷主センタ編集不可		NoCommonSetting	共通設定不可		NoViewShipping	出荷閲覧不可		NoTotalStockList	トータル在庫問合せ不可		DepositViewOnly	預託閲覧許可		NoViewDeposit	預託閲覧不可	
ShapeMaster	荷姿マスタメンテナンス	NoSystemMaintenance	システム管理不可		NoWmsMasterMaintenance	WMSマスタ管理不可	0	NoDaily	日次締処理不可		ViewOnly	閲覧許可		Workers	管理作業者権限		NoClientCenterEdit	荷主センタ編集不可		NoCommonSetting	共通設定不可		NoViewShipping	出荷閲覧不可		NoTotalStockList	トータル在庫問合せ不可		DepositViewOnly	預託閲覧許可		NoViewDeposit	預託閲覧不可	
ShapeGroupMasterList	荷姿グループマスタメンテナンス(一覧)	NoSystemMaintenance	システム管理不可		NoWmsMasterMaintenance	WMSマスタ管理不可	0	NoDaily	日次締処理不可		ViewOnly	閲覧許可		Workers	管理作業者権限		NoClientCenterEdit	荷主センタ編集不可		NoCommonSetting	共通設定不可		NoViewShipping	出荷閲覧不可		NoTotalStockList	トータル在庫問合せ不可		DepositViewOnly	預託閲覧許可		NoViewDeposit	預託閲覧不可	
ShapeGroupMasterEdit	荷姿グループマスタメンテナンス(編集)	NoSystemMaintenance	システム管理不可		NoWmsMasterMaintenance	WMSマスタ管理不可	0	NoDaily	日次締処理不可		ViewOnly	閲覧許可		Workers	管理作業者権限		NoClientCenterEdit	荷主センタ編集不可		NoCommonSetting	共通設定不可		NoViewShipping	出荷閲覧不可		NoTotalStockList	トータル在庫問合せ不可		DepositViewOnly	預託閲覧許可		NoViewDeposit	預託閲覧不可	
ZipMaster	郵便番号マスタメンテナンス(一覧)	NoSystemMaintenance	システム管理不可		NoWmsMasterMaintenance	WMSマスタ管理不可	0	NoDaily	日次締処理不可		ViewOnly	閲覧許可		Workers	管理作業者権限		NoClientCenterEdit	荷主センタ編集不可		NoCommonSetting	共通設定不可		NoViewShipping	出荷閲覧不可		NoTotalStockList	トータル在庫問合せ不可		DepositViewOnly	預託閲覧許可		NoViewDeposit	預託閲覧不可	
ZipMasterEdit	郵便番号マスタメンテナンス(編集)	NoSystemMaintenance	システム管理不可		NoWmsMasterMaintenance	WMSマスタ管理不可	0	NoDaily	日次締処理不可		ViewOnly	閲覧許可		Workers	管理作業者権限		NoClientCenterEdit	荷主センタ編集不可		NoCommonSetting	共通設定不可		NoViewShipping	出荷閲覧不可		NoTotalStockList	トータル在庫問合せ不可		DepositViewOnly	預託閲覧許可		NoViewDeposit	預託閲覧不可	
NumberingCenterMaster	センタ採番マスタメンテナンス	NoSystemMaintenance	システム管理不可	0	NoWmsMasterMaintenance	WMSマスタ管理不可	0	NoDaily	日次締処理不可		ViewOnly	閲覧許可		Workers	管理作業者権限	0	NoClientCenterEdit	荷主センタ編集不可		NoCommonSetting	共通設定不可		NoViewShipping	出荷閲覧不可		NoTotalStockList	トータル在庫問合せ不可		DepositViewOnly	預託閲覧許可		NoViewDeposit	預託閲覧不可	
UserMasterList	ユーザマスタメンテナンス(一覧)	NoSystemMaintenance	システム管理不可		NoWmsMasterMaintenance	WMSマスタ管理不可	0	NoDaily	日次締処理不可		ViewOnly	閲覧許可		Workers	管理作業者権限	0	NoClientCenterEdit	荷主センタ編集不可		NoCommonSetting	共通設定不可		NoViewShipping	出荷閲覧不可		NoTotalStockList	トータル在庫問合せ不可		DepositViewOnly	預託閲覧許可		NoViewDeposit	預託閲覧不可	
UserEdit	ユーザマスタメンテナンス(編集)	NoSystemMaintenance	システム管理不可		NoWmsMasterMaintenance	WMSマスタ管理不可	0	NoDaily	日次締処理不可		ViewOnly	閲覧許可		Workers	管理作業者権限	0	NoClientCenterEdit	荷主センタ編集不可		NoCommonSetting	共通設定不可		NoViewShipping	出荷閲覧不可		NoTotalStockList	トータル在庫問合せ不可		DepositViewOnly	預託閲覧許可		NoViewDeposit	預託閲覧不可	
FormatReceivePlanBulkInput	入荷予定一括取込用Excelダウンロード	NoSystemMaintenance	システム管理不可		NoWmsMasterMaintenance	WMSマスタ管理不可	0	NoDaily	日次締処理不可		ViewOnly	閲覧許可		Workers	管理作業者権限		NoClientCenterEdit	荷主センタ編集不可		NoCommonSetting	共通設定不可		NoViewShipping	出荷閲覧不可		NoTotalStockList	トータル在庫問合せ不可		DepositViewOnly	預託閲覧許可		NoViewDeposit	預託閲覧不可	
FormatShippingPlanBulkInput	出荷指示一括取込用Excelダウンロード	NoSystemMaintenance	システム管理不可		NoWmsMasterMaintenance	WMSマスタ管理不可	0	NoDaily	日次締処理不可		ViewOnly	閲覧許可		Workers	管理作業者権限		NoClientCenterEdit	荷主センタ編集不可		NoCommonSetting	共通設定不可		NoViewShipping	出荷閲覧不可		NoTotalStockList	トータル在庫問合せ不可		DepositViewOnly	預託閲覧許可		NoViewDeposit	預託閲覧不可	
FormatZoneMasterBulkInput	ゾーンマスタ一括取込用Excelダウンロード	NoSystemMaintenance	システム管理不可		NoWmsMasterMaintenance	WMSマスタ管理不可	0	NoDaily	日次締処理不可		ViewOnly	閲覧許可		Workers	管理作業者権限		NoClientCenterEdit	荷主センタ編集不可		NoCommonSetting	共通設定不可		NoViewShipping	出荷閲覧不可		NoTotalStockList	トータル在庫問合せ不可		DepositViewOnly	預託閲覧許可		NoViewDeposit	預託閲覧不可	
FormatLocationMasterBulkInput	ロケーションマスタ一括取込用Excelダウンロード	NoSystemMaintenance	システム管理不可		NoWmsMasterMaintenance	WMSマスタ管理不可	0	NoDaily	日次締処理不可		ViewOnly	閲覧許可		Workers	管理作業者権限		NoClientCenterEdit	荷主センタ編集不可		NoCommonSetting	共通設定不可		NoViewShipping	出荷閲覧不可		NoTotalStockList	トータル在庫問合せ不可		DepositViewOnly	預託閲覧許可		NoViewDeposit	預託閲覧不可	
FormatCustomerMasterBulkInput	取引先マスタ一括取込用Excelダウンロード	NoSystemMaintenance	システム管理不可		NoWmsMasterMaintenance	WMSマスタ管理不可	0	NoDaily	日次締処理不可		ViewOnly	閲覧許可		Workers	管理作業者権限		NoClientCenterEdit	荷主センタ編集不可		NoCommonSetting	共通設定不可		NoViewShipping	出荷閲覧不可		NoTotalStockList	トータル在庫問合せ不可		DepositViewOnly	預託閲覧許可		NoViewDeposit	預託閲覧不可	
FormatProductMasterBulkInput	商品マスタ一括取込用Excelダウンロード	NoSystemMaintenance	システム管理不可		NoWmsMasterMaintenance	WMSマスタ管理不可	0	NoDaily	日次締処理不可		ViewOnly	閲覧許可		Workers	管理作業者権限		NoClientCenterEdit	荷主センタ編集不可		NoCommonSetting	共通設定不可		NoViewShipping	出荷閲覧不可		NoTotalStockList	トータル在庫問合せ不可		DepositViewOnly	預託閲覧許可		NoViewDeposit	預託閲覧不可	
FormatMProductShapeBulkInput	商品荷姿マスタ一括取込用Excelダウンロード	NoSystemMaintenance	システム管理不可		NoWmsMasterMaintenance	WMSマスタ管理不可	0	NoDaily	日次締処理不可		ViewOnly	閲覧許可		Workers	管理作業者権限		NoClientCenterEdit	荷主センタ編集不可		NoCommonSetting	共通設定不可		NoViewShipping	出荷閲覧不可		NoTotalStockList	トータル在庫問合せ不可		DepositViewOnly	預託閲覧許可		NoViewDeposit	預託閲覧不可	
FormatBarcodeLabelBulkPrint	バーコードラベル一括出力用Excelダウンロード	NoSystemMaintenance	システム管理不可		NoWmsMasterMaintenance	WMSマスタ管理不可	0	NoDaily	日次締処理不可		ViewOnly	閲覧許可		Workers	管理作業者権限		NoClientCenterEdit	荷主センタ編集不可		NoCommonSetting	共通設定不可		NoViewShipping	出荷閲覧不可		NoTotalStockList	トータル在庫問合せ不可		DepositViewOnly	預託閲覧許可		NoViewDeposit	預託閲覧不可	
FormatSerialNoBulkInput	シリアルNo.一括取込用Excelダウンロード	NoSystemMaintenance	システム管理不可		NoWmsMasterMaintenance	WMSマスタ管理不可	0	NoDaily	日次締処理不可		ViewOnly	閲覧許可		Workers	管理作業者権限		NoClientCenterEdit	荷主センタ編集不可		NoCommonSetting	共通設定不可		NoViewShipping	出荷閲覧不可		NoTotalStockList	トータル在庫問合せ不可		DepositViewOnly	預託閲覧許可		NoViewDeposit	預託閲覧不可	
ManualCommon	操作マニュアル(共通操作編)	NoSystemMaintenance	システム管理不可		NoWmsMasterMaintenance	WMSマスタ管理不可		NoDaily	日次締処理不可		ViewOnly	閲覧許可	1	Workers	管理作業者権限		NoClientCenterEdit	荷主センタ編集不可		NoCommonSetting	共通設定不可		NoViewShipping	出荷閲覧不可		NoTotalStockList	トータル在庫問合せ不可		DepositViewOnly	預託閲覧許可		NoViewDeposit	預託閲覧不可	
ManualPc	操作マニュアル(PC編)	NoSystemMaintenance	システム管理不可		NoWmsMasterMaintenance	WMSマスタ管理不可		NoDaily	日次締処理不可		ViewOnly	閲覧許可	1	Workers	管理作業者権限		NoClientCenterEdit	荷主センタ編集不可		NoCommonSetting	共通設定不可		NoViewShipping	出荷閲覧不可		NoTotalStockList	トータル在庫問合せ不可		DepositViewOnly	預託閲覧許可		NoViewDeposit	預託閲覧不可	
ManualHt	操作マニュアル(HT編)	NoSystemMaintenance	システム管理不可		NoWmsMasterMaintenance	WMSマスタ管理不可		NoDaily	日次締処理不可		ViewOnly	閲覧許可	1	Workers	管理作業者権限		NoClientCenterEdit	荷主センタ編集不可		NoCommonSetting	共通設定不可		NoViewShipping	出荷閲覧不可		NoTotalStockList	トータル在庫問合せ不可		DepositViewOnly	預託閲覧許可		NoViewDeposit	預託閲覧不可	
ManualSd	操作マニュアル(SD編)	NoSystemMaintenance	システム管理不可		NoWmsMasterMaintenance	WMSマスタ管理不可		NoDaily	日次締処理不可		ViewOnly	閲覧許可	1	Workers	管理作業者権限		NoClientCenterEdit	荷主センタ編集不可		NoCommonSetting	共通設定不可		NoViewShipping	出荷閲覧不可		NoTotalStockList	トータル在庫問合せ不可		DepositViewOnly	預託閲覧許可		NoViewDeposit	預託閲覧不可	
ManualHelp	操作マニュアル(ヘルプ編)	NoSystemMaintenance	システム管理不可		NoWmsMasterMaintenance	WMSマスタ管理不可		NoDaily	日次締処理不可		ViewOnly	閲覧許可	1	Workers	管理作業者権限		NoClientCenterEdit	荷主センタ編集不可		NoCommonSetting	共通設定不可		NoViewShipping	出荷閲覧不可		NoTotalStockList	トータル在庫問合せ不可		DepositViewOnly	預託閲覧許可		NoViewDeposit	預託閲覧不可	
ManualLabel	操作マニュアル(荷札用紙設定編)	NoSystemMaintenance	システム管理不可		NoWmsMasterMaintenance	WMSマスタ管理不可		NoDaily	日次締処理不可		ViewOnly	閲覧許可	1	Workers	管理作業者権限		NoClientCenterEdit	荷主センタ編集不可		NoCommonSetting	共通設定不可		NoViewShipping	出荷閲覧不可		NoTotalStockList	トータル在庫問合せ不可		DepositViewOnly	預託閲覧許可		NoViewDeposit	預託閲覧不可	
ManualEc	操作マニュアル(EC受注編)	NoSystemMaintenance	システム管理不可		NoWmsMasterMaintenance	WMSマスタ管理不可		NoDaily	日次締処理不可		ViewOnly	閲覧許可	1	Workers	管理作業者権限		NoClientCenterEdit	荷主センタ編集不可		NoCommonSetting	共通設定不可		NoViewShipping	出荷閲覧不可		NoTotalStockList	トータル在庫問合せ不可		DepositViewOnly	預託閲覧許可		NoViewDeposit	預託閲覧不可	
Daily	日次締処理	NoSystemMaintenance	システム管理不可		NoWmsMasterMaintenance	WMSマスタ管理不可		NoDaily	日次締処理不可	0	ViewOnly	閲覧許可		Workers	管理作業者権限		NoClientCenterEdit	荷主センタ編集不可		NoCommonSetting	共通設定不可		NoViewShipping	出荷閲覧不可		NoTotalStockList	トータル在庫問合せ不可		DepositViewOnly	預託閲覧許可		NoViewDeposit	預託閲覧不可	
EcOrderBulkInput	EC受注データ一括取込	NoSystemMaintenance	システム管理不可		NoWmsMasterMaintenance	WMSマスタ管理不可		NoDaily	日次締処理不可		ViewOnly	閲覧許可		Workers	管理作業者権限		NoClientCenterEdit	荷主センタ編集不可		NoCommonSetting	共通設定不可		NoViewShipping	出荷閲覧不可		NoTotalStockList	トータル在庫問合せ不可		DepositViewOnly	預託閲覧許可		NoViewDeposit	預託閲覧不可	
EcOrderList	EC受注データ一覧	NoSystemMaintenance	システム管理不可		NoWmsMasterMaintenance	WMSマスタ管理不可		NoDaily	日次締処理不可		ViewOnly	閲覧許可	1	Workers	管理作業者権限		NoClientCenterEdit	荷主センタ編集不可		NoCommonSetting	共通設定不可		NoViewShipping	出荷閲覧不可		NoTotalStockList	トータル在庫問合せ不可		DepositViewOnly	預託閲覧許可		NoViewDeposit	預託閲覧不可	
EcShippingTagDataOutput	EC送り状データ出力	NoSystemMaintenance	システム管理不可		NoWmsMasterMaintenance	WMSマスタ管理不可		NoDaily	日次締処理不可		ViewOnly	閲覧許可		Workers	管理作業者権限		NoClientCenterEdit	荷主センタ編集不可		NoCommonSetting	共通設定不可		NoViewShipping	出荷閲覧不可		NoTotalStockList	トータル在庫問合せ不可		DepositViewOnly	預託閲覧許可		NoViewDeposit	預託閲覧不可	
EcDelivAddressModify	住所変更	NoSystemMaintenance	システム管理不可		NoWmsMasterMaintenance	WMSマスタ管理不可		NoDaily	日次締処理不可		ViewOnly	閲覧許可		Workers	管理作業者権限		NoClientCenterEdit	荷主センタ編集不可		NoCommonSetting	共通設定不可		NoViewShipping	出荷閲覧不可		NoTotalStockList	トータル在庫問合せ不可		DepositViewOnly	預託閲覧許可		NoViewDeposit	預託閲覧不可	
ReceiveStatusProgress	入荷ステータス別進捗	NoSystemMaintenance	システム管理不可		NoWmsMasterMaintenance	WMSマスタ管理不可		NoDaily	日次締処理不可		ViewOnly	閲覧許可	1	Workers	管理作業者権限		NoClientCenterEdit	荷主センタ編集不可		NoCommonSetting	共通設定不可		NoViewShipping	出荷閲覧不可		NoTotalStockList	トータル在庫問合せ不可		DepositViewOnly	預託閲覧許可		NoViewDeposit	預託閲覧不可	
SlipNoReceiveList	伝票別入荷一覧	NoSystemMaintenance	システム管理不可		NoWmsMasterMaintenance	WMSマスタ管理不可		NoDaily	日次締処理不可		ViewOnly	閲覧許可	1	Workers	管理作業者権限		NoClientCenterEdit	荷主センタ編集不可		NoCommonSetting	共通設定不可		NoViewShipping	出荷閲覧不可		NoTotalStockList	トータル在庫問合せ不可		DepositViewOnly	預託閲覧許可		NoViewDeposit	預託閲覧不可	
ProductReceiveList	商品別入荷一覧	NoSystemMaintenance	システム管理不可		NoWmsMasterMaintenance	WMSマスタ管理不可		NoDaily	日次締処理不可		ViewOnly	閲覧許可	1	Workers	管理作業者権限		NoClientCenterEdit	荷主センタ編集不可		NoCommonSetting	共通設定不可		NoViewShipping	出荷閲覧不可		NoTotalStockList	トータル在庫問合せ不可		DepositViewOnly	預託閲覧許可		NoViewDeposit	預託閲覧不可	
ReceivePartList	入荷未完了一覧	NoSystemMaintenance	システム管理不可		NoWmsMasterMaintenance	WMSマスタ管理不可		NoDaily	日次締処理不可		ViewOnly	閲覧許可	1	Workers	管理作業者権限		NoClientCenterEdit	荷主センタ編集不可		NoCommonSetting	共通設定不可		NoViewShipping	出荷閲覧不可		NoTotalStockList	トータル在庫問合せ不可		DepositViewOnly	預託閲覧許可		NoViewDeposit	預託閲覧不可	
ReceivePlanInput	入荷予定入力	NoSystemMaintenance	システム管理不可		NoWmsMasterMaintenance	WMSマスタ管理不可		NoDaily	日次締処理不可		ViewOnly	閲覧許可		Workers	管理作業者権限		NoClientCenterEdit	荷主センタ編集不可		NoCommonSetting	共通設定不可		NoViewShipping	出荷閲覧不可		NoTotalStockList	トータル在庫問合せ不可		DepositViewOnly	預託閲覧許可		NoViewDeposit	預託閲覧不可	
ReceivePlanBulkInput	入荷予定一括取込	NoSystemMaintenance	システム管理不可		NoWmsMasterMaintenance	WMSマスタ管理不可		NoDaily	日次締処理不可		ViewOnly	閲覧許可		Workers	管理作業者権限		NoClientCenterEdit	荷主センタ編集不可		NoCommonSetting	共通設定不可		NoViewShipping	出荷閲覧不可		NoTotalStockList	トータル在庫問合せ不可		DepositViewOnly	預託閲覧許可		NoViewDeposit	預託閲覧不可	
ReceivePlanListPrint	入荷予定リスト発行	NoSystemMaintenance	システム管理不可		NoWmsMasterMaintenance	WMSマスタ管理不可		NoDaily	日次締処理不可		ViewOnly	閲覧許可		Workers	管理作業者権限		NoClientCenterEdit	荷主センタ編集不可		NoCommonSetting	共通設定不可		NoViewShipping	出荷閲覧不可		NoTotalStockList	トータル在庫問合せ不可		DepositViewOnly	預託閲覧許可		NoViewDeposit	預託閲覧不可	
StoreLabelPrint	入庫ラベル発行	NoSystemMaintenance	システム管理不可		NoWmsMasterMaintenance	WMSマスタ管理不可		NoDaily	日次締処理不可		ViewOnly	閲覧許可		Workers	管理作業者権限		NoClientCenterEdit	荷主センタ編集不可		NoCommonSetting	共通設定不可		NoViewShipping	出荷閲覧不可		NoTotalStockList	トータル在庫問合せ不可		DepositViewOnly	預託閲覧許可		NoViewDeposit	預託閲覧不可	
ClassLabelPrint	汎用ラベル発行	NoSystemMaintenance	システム管理不可		NoWmsMasterMaintenance	WMSマスタ管理不可		NoDaily	日次締処理不可		ViewOnly	閲覧許可		Workers	管理作業者権限		NoClientCenterEdit	荷主センタ編集不可		NoCommonSetting	共通設定不可		NoViewShipping	出荷閲覧不可		NoTotalStockList	トータル在庫問合せ不可		DepositViewOnly	預託閲覧許可		NoViewDeposit	預託閲覧不可	
ReceiveInput	入荷実績入力(予定あり)	NoSystemMaintenance	システム管理不可		NoWmsMasterMaintenance	WMSマスタ管理不可		NoDaily	日次締処理不可		ViewOnly	閲覧許可		Workers	管理作業者権限		NoClientCenterEdit	荷主センタ編集不可		NoCommonSetting	共通設定不可		NoViewShipping	出荷閲覧不可		NoTotalStockList	トータル在庫問合せ不可		DepositViewOnly	預託閲覧許可		NoViewDeposit	預託閲覧不可	
ReceiveInputNo	入荷実績入力(予定なし)	NoSystemMaintenance	システム管理不可		NoWmsMasterMaintenance	WMSマスタ管理不可		NoDaily	日次締処理不可		ViewOnly	閲覧許可		Workers	管理作業者権限		NoClientCenterEdit	荷主センタ編集不可		NoCommonSetting	共通設定不可		NoViewShipping	出荷閲覧不可		NoTotalStockList	トータル在庫問合せ不可		DepositViewOnly	預託閲覧許可		NoViewDeposit	預託閲覧不可	
ReceiveHistory	入荷履歴	NoSystemMaintenance	システム管理不可		NoWmsMasterMaintenance	WMSマスタ管理不可		NoDaily	日次締処理不可		ViewOnly	閲覧許可	1	Workers	管理作業者権限		NoClientCenterEdit	荷主センタ編集不可		NoCommonSetting	共通設定不可		NoViewShipping	出荷閲覧不可		NoTotalStockList	トータル在庫問合せ不可		DepositViewOnly	預託閲覧許可		NoViewDeposit	預託閲覧不可	
ShippingStatusProgress	出荷ステータス別進捗	NoSystemMaintenance	システム管理不可		NoWmsMasterMaintenance	WMSマスタ管理不可		NoDaily	日次締処理不可		ViewOnly	閲覧許可	1	Workers	管理作業者権限		NoClientCenterEdit	荷主センタ編集不可		NoCommonSetting	共通設定不可		NoViewShipping	出荷閲覧不可	0	NoTotalStockList	トータル在庫問合せ不可		DepositViewOnly	預託閲覧許可		NoViewDeposit	預託閲覧不可	
DeliveryCourseShippingList	配送コース別出荷一覧	NoSystemMaintenance	システム管理不可		NoWmsMasterMaintenance	WMSマスタ管理不可		NoDaily	日次締処理不可		ViewOnly	閲覧許可	1	Workers	管理作業者権限		NoClientCenterEdit	荷主センタ編集不可		NoCommonSetting	共通設定不可		NoViewShipping	出荷閲覧不可	0	NoTotalStockList	トータル在庫問合せ不可		DepositViewOnly	預託閲覧許可		NoViewDeposit	預託閲覧不可	
ShippingInstList	出庫指示一覧	NoSystemMaintenance	システム管理不可		NoWmsMasterMaintenance	WMSマスタ管理不可		NoDaily	日次締処理不可		ViewOnly	閲覧許可	1	Workers	管理作業者権限		NoClientCenterEdit	荷主センタ編集不可		NoCommonSetting	共通設定不可		NoViewShipping	出荷閲覧不可	0	NoTotalStockList	トータル在庫問合せ不可		DepositViewOnly	預託閲覧許可		NoViewDeposit	預託閲覧不可	
ShippingInstDetail	出荷指示明細	NoSystemMaintenance	システム管理不可		NoWmsMasterMaintenance	WMSマスタ管理不可		NoDaily	日次締処理不可		ViewOnly	閲覧許可	1	Workers	管理作業者権限		NoClientCenterEdit	荷主センタ編集不可		NoCommonSetting	共通設定不可		NoViewShipping	出荷閲覧不可		NoTotalStockList	トータル在庫問合せ不可		DepositViewOnly	預託閲覧許可		NoViewDeposit	預託閲覧不可	
ShippingWorkRefUpdate	出庫作業メッセージ登録	NoSystemMaintenance	システム管理不可		NoWmsMasterMaintenance	WMSマスタ管理不可		NoDaily	日次締処理不可		ViewOnly	閲覧許可		Workers	管理作業者権限		NoClientCenterEdit	荷主センタ編集不可		NoCommonSetting	共通設定不可		NoViewShipping	出荷閲覧不可		NoTotalStockList	トータル在庫問合せ不可		DepositViewOnly	預託閲覧許可		NoViewDeposit	預託閲覧不可	
ProductShippingList	商品別出荷一覧	NoSystemMaintenance	システム管理不可		NoWmsMasterMaintenance	WMSマスタ管理不可		NoDaily	日次締処理不可		ViewOnly	閲覧許可	1	Workers	管理作業者権限		NoClientCenterEdit	荷主センタ編集不可		NoCommonSetting	共通設定不可		NoViewShipping	出荷閲覧不可	0	NoTotalStockList	トータル在庫問合せ不可		DepositViewOnly	預託閲覧許可		NoViewDeposit	預託閲覧不可	
ShippingPlanInput	出荷指示入力	NoSystemMaintenance	システム管理不可		NoWmsMasterMaintenance	WMSマスタ管理不可		NoDaily	日次締処理不可		ViewOnly	閲覧許可		Workers	管理作業者権限		NoClientCenterEdit	荷主センタ編集不可		NoCommonSetting	共通設定不可		NoViewShipping	出荷閲覧不可		NoTotalStockList	トータル在庫問合せ不可		DepositViewOnly	預託閲覧許可		NoViewDeposit	預託閲覧不可	
ShippingPlanBulkInput	出荷指示一括取込	NoSystemMaintenance	システム管理不可		NoWmsMasterMaintenance	WMSマスタ管理不可		NoDaily	日次締処理不可		ViewOnly	閲覧許可		Workers	管理作業者権限		NoClientCenterEdit	荷主センタ編集不可		NoCommonSetting	共通設定不可		NoViewShipping	出荷閲覧不可		NoTotalStockList	トータル在庫問合せ不可		DepositViewOnly	預託閲覧許可		NoViewDeposit	預託閲覧不可	
ShippingLotList	出荷期限管理一覧	NoSystemMaintenance	システム管理不可		NoWmsMasterMaintenance	WMSマスタ管理不可		NoDaily	日次締処理不可		ViewOnly	閲覧許可		Workers	管理作業者権限		NoClientCenterEdit	荷主センタ編集不可		NoCommonSetting	共通設定不可		NoViewShipping	出荷閲覧不可		NoTotalStockList	トータル在庫問合せ不可		DepositViewOnly	預託閲覧許可		NoViewDeposit	預託閲覧不可	
PickingListPrint	ピッキングリスト発行	NoSystemMaintenance	システム管理不可		NoWmsMasterMaintenance	WMSマスタ管理不可		NoDaily	日次締処理不可		ViewOnly	閲覧許可		Workers	管理作業者権限		NoClientCenterEdit	荷主センタ編集不可		NoCommonSetting	共通設定不可		NoViewShipping	出荷閲覧不可		NoTotalStockList	トータル在庫問合せ不可		DepositViewOnly	預託閲覧許可		NoViewDeposit	預託閲覧不可	
PickingMethodRecommendation	ピッキング提案	NoSystemMaintenance	システム管理不可	0	NoWmsMasterMaintenance	WMSマスタ管理不可		NoDaily	日次締処理不可		ViewOnly	閲覧許可		Workers	管理作業者権限		NoClientCenterEdit	荷主センタ編集不可		NoCommonSetting	共通設定不可		NoViewShipping	出荷閲覧不可		NoTotalStockList	トータル在庫問合せ不可		DepositViewOnly	預託閲覧許可		NoViewDeposit	預託閲覧不可	
PickingMethodRecommendationDetail	ピッキング提案明細	NoSystemMaintenance	システム管理不可		NoWmsMasterMaintenance	WMSマスタ管理不可		NoDaily	日次締処理不可		ViewOnly	閲覧許可		Workers	管理作業者権限		NoClientCenterEdit	荷主センタ編集不可		NoCommonSetting	共通設定不可		NoViewShipping	出荷閲覧不可		NoTotalStockList	トータル在庫問合せ不可		DepositViewOnly	預託閲覧許可		NoViewDeposit	預託閲覧不可	
PieceShippingInspect	出荷検品	NoSystemMaintenance	システム管理不可		NoWmsMasterMaintenance	WMSマスタ管理不可		NoDaily	日次締処理不可		ViewOnly	閲覧許可		Workers	管理作業者権限		NoClientCenterEdit	荷主センタ編集不可		NoCommonSetting	共通設定不可		NoViewShipping	出荷閲覧不可		NoTotalStockList	トータル在庫問合せ不可		DepositViewOnly	預託閲覧許可		NoViewDeposit	預託閲覧不可	
PieceShippingInspectSu	数量入力	NoSystemMaintenance	システム管理不可		NoWmsMasterMaintenance	WMSマスタ管理不可		NoDaily	日次締処理不可		ViewOnly	閲覧許可		Workers	管理作業者権限		NoClientCenterEdit	荷主センタ編集不可		NoCommonSetting	共通設定不可		NoViewShipping	出荷閲覧不可		NoTotalStockList	トータル在庫問合せ不可		DepositViewOnly	預託閲覧許可		NoViewDeposit	預託閲覧不可	
PieceShippingInspectBox	箱登録	NoSystemMaintenance	システム管理不可		NoWmsMasterMaintenance	WMSマスタ管理不可		NoDaily	日次締処理不可		ViewOnly	閲覧許可		Workers	管理作業者権限		NoClientCenterEdit	荷主センタ編集不可		NoCommonSetting	共通設定不可		NoViewShipping	出荷閲覧不可		NoTotalStockList	トータル在庫問合せ不可		DepositViewOnly	預託閲覧許可		NoViewDeposit	預託閲覧不可	
SingleRowShippingInspect	単行出荷検品	NoSystemMaintenance	システム管理不可		NoWmsMasterMaintenance	WMSマスタ管理不可		NoDaily	日次締処理不可		ViewOnly	閲覧許可		Workers	管理作業者権限		NoClientCenterEdit	荷主センタ編集不可		NoCommonSetting	共通設定不可		NoViewShipping	出荷閲覧不可		NoTotalStockList	トータル在庫問合せ不可		DepositViewOnly	預託閲覧許可		NoViewDeposit	預託閲覧不可	
PackingListUpdate	梱包明細修正	NoSystemMaintenance	システム管理不可		NoWmsMasterMaintenance	WMSマスタ管理不可		NoDaily	日次締処理不可		ViewOnly	閲覧許可		Workers	管理作業者権限		NoClientCenterEdit	荷主センタ編集不可		NoCommonSetting	共通設定不可		NoViewShipping	出荷閲覧不可		NoTotalStockList	トータル在庫問合せ不可		DepositViewOnly	預託閲覧許可		NoViewDeposit	預託閲覧不可	
DeliverySlipListPrint	納品明細発行	NoSystemMaintenance	システム管理不可		NoWmsMasterMaintenance	WMSマスタ管理不可		NoDaily	日次締処理不可		ViewOnly	閲覧許可		Workers	管理作業者権限		NoClientCenterEdit	荷主センタ編集不可		NoCommonSetting	共通設定不可		NoViewShipping	出荷閲覧不可		NoTotalStockList	トータル在庫問合せ不可		DepositViewOnly	預託閲覧許可		NoViewDeposit	預託閲覧不可	
StwListPrint	積込リスト発行	NoSystemMaintenance	システム管理不可		NoWmsMasterMaintenance	WMSマスタ管理不可		NoDaily	日次締処理不可		ViewOnly	閲覧許可		Workers	管理作業者権限		NoClientCenterEdit	荷主センタ編集不可		NoCommonSetting	共通設定不可		NoViewShipping	出荷閲覧不可		NoTotalStockList	トータル在庫問合せ不可		DepositViewOnly	預託閲覧許可		NoViewDeposit	預託閲覧不可	
ShippingInputNoPlan	出荷実績入力(予定なし)	NoSystemMaintenance	システム管理不可		NoWmsMasterMaintenance	WMSマスタ管理不可		NoDaily	日次締処理不可		ViewOnly	閲覧許可		Workers	管理作業者権限		NoClientCenterEdit	荷主センタ編集不可		NoCommonSetting	共通設定不可		NoViewShipping	出荷閲覧不可		NoTotalStockList	トータル在庫問合せ不可		DepositViewOnly	預託閲覧許可		NoViewDeposit	預託閲覧不可	
ShippingUpdate	出荷実績訂正	NoSystemMaintenance	システム管理不可		NoWmsMasterMaintenance	WMSマスタ管理不可		NoDaily	日次締処理不可		ViewOnly	閲覧許可		Workers	管理作業者権限		NoClientCenterEdit	荷主センタ編集不可		NoCommonSetting	共通設定不可		NoViewShipping	出荷閲覧不可		NoTotalStockList	トータル在庫問合せ不可		DepositViewOnly	預託閲覧許可		NoViewDeposit	預託閲覧不可	
ShippingConfirmList	出荷確定一覧	NoSystemMaintenance	システム管理不可		NoWmsMasterMaintenance	WMSマスタ管理不可		NoDaily	日次締処理不可		ViewOnly	閲覧許可	1	Workers	管理作業者権限		NoClientCenterEdit	荷主センタ編集不可		NoCommonSetting	共通設定不可		NoViewShipping	出荷閲覧不可	0	NoTotalStockList	トータル在庫問合せ不可		DepositViewOnly	預託閲覧許可		NoViewDeposit	預託閲覧不可	
ShippingTagDataOutput	送り状データ出力	NoSystemMaintenance	システム管理不可		NoWmsMasterMaintenance	WMSマスタ管理不可		NoDaily	日次締処理不可		ViewOnly	閲覧許可		Workers	管理作業者権限		NoClientCenterEdit	荷主センタ編集不可		NoCommonSetting	共通設定不可		NoViewShipping	出荷閲覧不可		NoTotalStockList	トータル在庫問合せ不可		DepositViewOnly	預託閲覧許可		NoViewDeposit	預託閲覧不可	
PackingList	梱包明細一覧	NoSystemMaintenance	システム管理不可		NoWmsMasterMaintenance	WMSマスタ管理不可		NoDaily	日次締処理不可		ViewOnly	閲覧許可	1	Workers	管理作業者権限		NoClientCenterEdit	荷主センタ編集不可		NoCommonSetting	共通設定不可		NoViewShipping	出荷閲覧不可	0	NoTotalStockList	トータル在庫問合せ不可		DepositViewOnly	預託閲覧許可		NoViewDeposit	預託閲覧不可	
ShippingHistory	出荷履歴	NoSystemMaintenance	システム管理不可		NoWmsMasterMaintenance	WMSマスタ管理不可		NoDaily	日次締処理不可		ViewOnly	閲覧許可	1	Workers	管理作業者権限		NoClientCenterEdit	荷主センタ編集不可		NoCommonSetting	共通設定不可		NoViewShipping	出荷閲覧不可	0	NoTotalStockList	トータル在庫問合せ不可		DepositViewOnly	預託閲覧許可		NoViewDeposit	預託閲覧不可	
PackingHistory	梱包履歴	NoSystemMaintenance	システム管理不可		NoWmsMasterMaintenance	WMSマスタ管理不可		NoDaily	日次締処理不可		ViewOnly	閲覧許可	1	Workers	管理作業者権限		NoClientCenterEdit	荷主センタ編集不可		NoCommonSetting	共通設定不可		NoViewShipping	出荷閲覧不可	0	NoTotalStockList	トータル在庫問合せ不可		DepositViewOnly	預託閲覧許可		NoViewDeposit	預託閲覧不可	
ModalLargeErrorDialog	出荷検品エラー	NoSystemMaintenance	システム管理不可		NoWmsMasterMaintenance	WMSマスタ管理不可		NoDaily	日次締処理不可		ViewOnly	閲覧許可		Workers	管理作業者権限		NoClientCenterEdit	荷主センタ編集不可		NoCommonSetting	共通設定不可		NoViewShipping	出荷閲覧不可		NoTotalStockList	トータル在庫問合せ不可		DepositViewOnly	預託閲覧許可		NoViewDeposit	預託閲覧不可	
ModalLargeWarnDialog	出荷検品警告	NoSystemMaintenance	システム管理不可		NoWmsMasterMaintenance	WMSマスタ管理不可		NoDaily	日次締処理不可		ViewOnly	閲覧許可		Workers	管理作業者権限		NoClientCenterEdit	荷主センタ編集不可		NoCommonSetting	共通設定不可		NoViewShipping	出荷閲覧不可		NoTotalStockList	トータル在庫問合せ不可		DepositViewOnly	預託閲覧許可		NoViewDeposit	預託閲覧不可	
ModalLargeWorkInstNum	作業指示数	NoSystemMaintenance	システム管理不可		NoWmsMasterMaintenance	WMSマスタ管理不可		NoDaily	日次締処理不可		ViewOnly	閲覧許可		Workers	管理作業者権限		NoClientCenterEdit	荷主センタ編集不可		NoCommonSetting	共通設定不可		NoViewShipping	出荷閲覧不可		NoTotalStockList	トータル在庫問合せ不可		DepositViewOnly	預託閲覧許可		NoViewDeposit	預託閲覧不可	
TotalStockList	トータル在庫問合せ	NoSystemMaintenance	システム管理不可		NoWmsMasterMaintenance	WMSマスタ管理不可		NoDaily	日次締処理不可		ViewOnly	閲覧許可	1	Workers	管理作業者権限		NoClientCenterEdit	荷主センタ編集不可		NoCommonSetting	共通設定不可		NoViewShipping	出荷閲覧不可		NoTotalStockList	トータル在庫問合せ不可	0	DepositViewOnly	預託閲覧許可		NoViewDeposit	預託閲覧不可	
StockList	在庫問合せ	NoSystemMaintenance	システム管理不可		NoWmsMasterMaintenance	WMSマスタ管理不可		NoDaily	日次締処理不可		ViewOnly	閲覧許可	1	Workers	管理作業者権限		NoClientCenterEdit	荷主センタ編集不可		NoCommonSetting	共通設定不可		NoViewShipping	出荷閲覧不可		NoTotalStockList	トータル在庫問合せ不可		DepositViewOnly	預託閲覧許可		NoViewDeposit	預託閲覧不可	
StockAdj	在庫調整	NoSystemMaintenance	システム管理不可		NoWmsMasterMaintenance	WMSマスタ管理不可		NoDaily	日次締処理不可		ViewOnly	閲覧許可		Workers	管理作業者権限		NoClientCenterEdit	荷主センタ編集不可		NoCommonSetting	共通設定不可		NoViewShipping	出荷閲覧不可		NoTotalStockList	トータル在庫問合せ不可		DepositViewOnly	預託閲覧許可		NoViewDeposit	預託閲覧不可	
StockMove	在庫移動	NoSystemMaintenance	システム管理不可		NoWmsMasterMaintenance	WMSマスタ管理不可		NoDaily	日次締処理不可		ViewOnly	閲覧許可		Workers	管理作業者権限		NoClientCenterEdit	荷主センタ編集不可		NoCommonSetting	共通設定不可		NoViewShipping	出荷閲覧不可		NoTotalStockList	トータル在庫問合せ不可		DepositViewOnly	預託閲覧許可		NoViewDeposit	預託閲覧不可	
StockBulkMove	在庫一括移動指示	NoSystemMaintenance	システム管理不可		NoWmsMasterMaintenance	WMSマスタ管理不可		NoDaily	日次締処理不可		ViewOnly	閲覧許可	1	Workers	管理作業者権限		NoClientCenterEdit	荷主センタ編集不可		NoCommonSetting	共通設定不可		NoViewShipping	出荷閲覧不可		NoTotalStockList	トータル在庫問合せ不可		DepositViewOnly	預託閲覧許可		NoViewDeposit	預託閲覧不可	
StockInOutList	在庫受払問合せ	NoSystemMaintenance	システム管理不可		NoWmsMasterMaintenance	WMSマスタ管理不可		NoDaily	日次締処理不可		ViewOnly	閲覧許可	1	Workers	管理作業者権限		NoClientCenterEdit	荷主センタ編集不可		NoCommonSetting	共通設定不可		NoViewShipping	出荷閲覧不可		NoTotalStockList	トータル在庫問合せ不可		DepositViewOnly	預託閲覧許可		NoViewDeposit	預託閲覧不可	
StockMoveList	在庫移動一覧	NoSystemMaintenance	システム管理不可		NoWmsMasterMaintenance	WMSマスタ管理不可		NoDaily	日次締処理不可		ViewOnly	閲覧許可		Workers	管理作業者権限		NoClientCenterEdit	荷主センタ編集不可		NoCommonSetting	共通設定不可		NoViewShipping	出荷閲覧不可		NoTotalStockList	トータル在庫問合せ不可		DepositViewOnly	預託閲覧許可		NoViewDeposit	預託閲覧不可	
StockMoveInstList	在庫移動指示明細	NoSystemMaintenance	システム管理不可		NoWmsMasterMaintenance	WMSマスタ管理不可		NoDaily	日次締処理不可		ViewOnly	閲覧許可	1	Workers	管理作業者権限		NoClientCenterEdit	荷主センタ編集不可		NoCommonSetting	共通設定不可		NoViewShipping	出荷閲覧不可		NoTotalStockList	トータル在庫問合せ不可		DepositViewOnly	預託閲覧許可		NoViewDeposit	預託閲覧不可	
StockSetInst	セット組指示	NoSystemMaintenance	システム管理不可		NoWmsMasterMaintenance	WMSマスタ管理不可		NoDaily	日次締処理不可		ViewOnly	閲覧許可		Workers	管理作業者権限		NoClientCenterEdit	荷主センタ編集不可		NoCommonSetting	共通設定不可		NoViewShipping	出荷閲覧不可		NoTotalStockList	トータル在庫問合せ不可		DepositViewOnly	預託閲覧許可		NoViewDeposit	預託閲覧不可	
StockSetInstListPrint	セット組指示書発行	NoSystemMaintenance	システム管理不可		NoWmsMasterMaintenance	WMSマスタ管理不可		NoDaily	日次締処理不可		ViewOnly	閲覧許可		Workers	管理作業者権限		NoClientCenterEdit	荷主センタ編集不可		NoCommonSetting	共通設定不可		NoViewShipping	出荷閲覧不可		NoTotalStockList	トータル在庫問合せ不可		DepositViewOnly	預託閲覧許可		NoViewDeposit	預託閲覧不可	
StockSetRelease	セット解除指示	NoSystemMaintenance	システム管理不可		NoWmsMasterMaintenance	WMSマスタ管理不可		NoDaily	日次締処理不可		ViewOnly	閲覧許可		Workers	管理作業者権限		NoClientCenterEdit	荷主センタ編集不可		NoCommonSetting	共通設定不可		NoViewShipping	出荷閲覧不可		NoTotalStockList	トータル在庫問合せ不可		DepositViewOnly	預託閲覧許可		NoViewDeposit	預託閲覧不可	
StockSetReleaseListPrint	セット解除指示書発行	NoSystemMaintenance	システム管理不可		NoWmsMasterMaintenance	WMSマスタ管理不可		NoDaily	日次締処理不可		ViewOnly	閲覧許可		Workers	管理作業者権限		NoClientCenterEdit	荷主センタ編集不可		NoCommonSetting	共通設定不可		NoViewShipping	出荷閲覧不可		NoTotalStockList	トータル在庫問合せ不可		DepositViewOnly	預託閲覧許可		NoViewDeposit	預託閲覧不可	
ReplenishInstList	補充指示一覧	NoSystemMaintenance	システム管理不可		NoWmsMasterMaintenance	WMSマスタ管理不可		NoDaily	日次締処理不可		ViewOnly	閲覧許可	1	Workers	管理作業者権限		NoClientCenterEdit	荷主センタ編集不可		NoCommonSetting	共通設定不可		NoViewShipping	出荷閲覧不可	0	NoTotalStockList	トータル在庫問合せ不可		DepositViewOnly	預託閲覧許可		NoViewDeposit	預託閲覧不可	
MoveLabelPrint	搬送ラベル発行	NoSystemMaintenance	システム管理不可		NoWmsMasterMaintenance	WMSマスタ管理不可		NoDaily	日次締処理不可		ViewOnly	閲覧許可		Workers	管理作業者権限		NoClientCenterEdit	荷主センタ編集不可		NoCommonSetting	共通設定不可		NoViewShipping	出荷閲覧不可		NoTotalStockList	トータル在庫問合せ不可		DepositViewOnly	預託閲覧許可		NoViewDeposit	預託閲覧不可	
StockMoveBodyList	在庫移動明細一覧	NoSystemMaintenance	システム管理不可		NoWmsMasterMaintenance	WMSマスタ管理不可		NoDaily	日次締処理不可		ViewOnly	閲覧許可		Workers	管理作業者権限		NoClientCenterEdit	荷主センタ編集不可		NoCommonSetting	共通設定不可		NoViewShipping	出荷閲覧不可		NoTotalStockList	トータル在庫問合せ不可		DepositViewOnly	預託閲覧許可		NoViewDeposit	預託閲覧不可	
StockMoveHistory	在庫移動履歴	NoSystemMaintenance	システム管理不可		NoWmsMasterMaintenance	WMSマスタ管理不可		NoDaily	日次締処理不可		ViewOnly	閲覧許可		Workers	管理作業者権限		NoClientCenterEdit	荷主センタ編集不可		NoCommonSetting	共通設定不可		NoViewShipping	出荷閲覧不可		NoTotalStockList	トータル在庫問合せ不可		DepositViewOnly	預託閲覧許可		NoViewDeposit	預託閲覧不可	
SerialNoList	シリアルNo.一覧	NoSystemMaintenance	システム管理不可		NoWmsMasterMaintenance	WMSマスタ管理不可		NoDaily	日次締処理不可		ViewOnly	閲覧許可	1	Workers	管理作業者権限		NoClientCenterEdit	荷主センタ編集不可		NoCommonSetting	共通設定不可		NoViewShipping	出荷閲覧不可		NoTotalStockList	トータル在庫問合せ不可		DepositViewOnly	預託閲覧許可		NoViewDeposit	預託閲覧不可	
SerialNoBulkInput	シリアルNo.メンテナンス	NoSystemMaintenance	システム管理不可		NoWmsMasterMaintenance	WMSマスタ管理不可		NoDaily	日次締処理不可		ViewOnly	閲覧許可		Workers	管理作業者権限		NoClientCenterEdit	荷主センタ編集不可		NoCommonSetting	共通設定不可		NoViewShipping	出荷閲覧不可		NoTotalStockList	トータル在庫問合せ不可		DepositViewOnly	預託閲覧許可		NoViewDeposit	預託閲覧不可	
InventoryCreate	棚卸データ作成	NoSystemMaintenance	システム管理不可		NoWmsMasterMaintenance	WMSマスタ管理不可		NoDaily	日次締処理不可		ViewOnly	閲覧許可		Workers	管理作業者権限		NoClientCenterEdit	荷主センタ編集不可		NoCommonSetting	共通設定不可		NoViewShipping	出荷閲覧不可		NoTotalStockList	トータル在庫問合せ不可		DepositViewOnly	預託閲覧許可		NoViewDeposit	預託閲覧不可	
InventoryWorkListPrint	棚卸作業リスト発行	NoSystemMaintenance	システム管理不可		NoWmsMasterMaintenance	WMSマスタ管理不可		NoDaily	日次締処理不可		ViewOnly	閲覧許可		Workers	管理作業者権限		NoClientCenterEdit	荷主センタ編集不可		NoCommonSetting	共通設定不可		NoViewShipping	出荷閲覧不可		NoTotalStockList	トータル在庫問合せ不可		DepositViewOnly	預託閲覧許可		NoViewDeposit	預託閲覧不可	
InventoryInput	棚卸入力	NoSystemMaintenance	システム管理不可		NoWmsMasterMaintenance	WMSマスタ管理不可		NoDaily	日次締処理不可		ViewOnly	閲覧許可		Workers	管理作業者権限		NoClientCenterEdit	荷主センタ編集不可		NoCommonSetting	共通設定不可		NoViewShipping	出荷閲覧不可		NoTotalStockList	トータル在庫問合せ不可		DepositViewOnly	預託閲覧許可		NoViewDeposit	預託閲覧不可	
InventoryInputAddRow	棚卸入力(行追加)	NoSystemMaintenance	システム管理不可		NoWmsMasterMaintenance	WMSマスタ管理不可		NoDaily	日次締処理不可		ViewOnly	閲覧許可		Workers	管理作業者権限		NoClientCenterEdit	荷主センタ編集不可		NoCommonSetting	共通設定不可		NoViewShipping	出荷閲覧不可		NoTotalStockList	トータル在庫問合せ不可		DepositViewOnly	預託閲覧許可		NoViewDeposit	預託閲覧不可	
InventoryHistorySearch	棚卸履歴検索	NoSystemMaintenance	システム管理不可		NoWmsMasterMaintenance	WMSマスタ管理不可		NoDaily	日次締処理不可		ViewOnly	閲覧許可		Workers	管理作業者権限		NoClientCenterEdit	荷主センタ編集不可		NoCommonSetting	共通設定不可		NoViewShipping	出荷閲覧不可		NoTotalStockList	トータル在庫問合せ不可		DepositViewOnly	預託閲覧許可		NoViewDeposit	預託閲覧不可	
InventoryDiffListPrint	棚卸差異リスト発行	NoSystemMaintenance	システム管理不可		NoWmsMasterMaintenance	WMSマスタ管理不可		NoDaily	日次締処理不可		ViewOnly	閲覧許可		Workers	管理作業者権限		NoClientCenterEdit	荷主センタ編集不可		NoCommonSetting	共通設定不可		NoViewShipping	出荷閲覧不可		NoTotalStockList	トータル在庫問合せ不可		DepositViewOnly	預託閲覧許可		NoViewDeposit	預託閲覧不可	
InventoryBulkUpdate	棚卸在庫一括更新	NoSystemMaintenance	システム管理不可		NoWmsMasterMaintenance	WMSマスタ管理不可		NoDaily	日次締処理不可		ViewOnly	閲覧許可		Workers	管理作業者権限		NoClientCenterEdit	荷主センタ編集不可		NoCommonSetting	共通設定不可		NoViewShipping	出荷閲覧不可		NoTotalStockList	トータル在庫問合せ不可		DepositViewOnly	預託閲覧許可		NoViewDeposit	預託閲覧不可	
InventoryHistory	棚卸履歴	NoSystemMaintenance	システム管理不可		NoWmsMasterMaintenance	WMSマスタ管理不可		NoDaily	日次締処理不可		ViewOnly	閲覧許可		Workers	管理作業者権限		NoClientCenterEdit	荷主センタ編集不可		NoCommonSetting	共通設定不可		NoViewShipping	出荷閲覧不可		NoTotalStockList	トータル在庫問合せ不可		DepositViewOnly	預託閲覧許可		NoViewDeposit	預託閲覧不可	
ReferenceProductReceiveList	商品別入荷一覧(参照)	NoSystemMaintenance	システム管理不可		NoWmsMasterMaintenance	WMSマスタ管理不可		NoDaily	日次締処理不可		ViewOnly	閲覧許可		Workers	管理作業者権限		NoClientCenterEdit	荷主センタ編集不可		NoCommonSetting	共通設定不可		NoViewShipping	出荷閲覧不可		NoTotalStockList	トータル在庫問合せ不可		DepositViewOnly	預託閲覧許可	1	NoViewDeposit	預託閲覧不可	0
ReferenceProductShippingList	商品別出荷一覧(参照)	NoSystemMaintenance	システム管理不可		NoWmsMasterMaintenance	WMSマスタ管理不可		NoDaily	日次締処理不可		ViewOnly	閲覧許可		Workers	管理作業者権限		NoClientCenterEdit	荷主センタ編集不可		NoCommonSetting	共通設定不可		NoViewShipping	出荷閲覧不可		NoTotalStockList	トータル在庫問合せ不可		DepositViewOnly	預託閲覧許可	1	NoViewDeposit	預託閲覧不可	0
ReferenceTotalStockList	トータル在庫問合せ(参照)	NoSystemMaintenance	システム管理不可		NoWmsMasterMaintenance	WMSマスタ管理不可		NoDaily	日次締処理不可		ViewOnly	閲覧許可		Workers	管理作業者権限		NoClientCenterEdit	荷主センタ編集不可		NoCommonSetting	共通設定不可		NoViewShipping	出荷閲覧不可		NoTotalStockList	トータル在庫問合せ不可		DepositViewOnly	預託閲覧許可	1	NoViewDeposit	預託閲覧不可	0
ReferenceStockList	在庫問合せ(参照)	NoSystemMaintenance	システム管理不可		NoWmsMasterMaintenance	WMSマスタ管理不可		NoDaily	日次締処理不可		ViewOnly	閲覧許可		Workers	管理作業者権限		NoClientCenterEdit	荷主センタ編集不可		NoCommonSetting	共通設定不可		NoViewShipping	出荷閲覧不可		NoTotalStockList	トータル在庫問合せ不可		DepositViewOnly	預託閲覧許可	1	NoViewDeposit	預託閲覧不可	0
WebHTinfoMaster	HT管理マスタメンテナンス	NoSystemMaintenance	システム管理不可	0	NoWmsMasterMaintenance	WMSマスタ管理不可		NoDaily	日次締処理不可		ViewOnly	閲覧許可		Workers	管理作業者権限		NoClientCenterEdit	荷主センタ編集不可		NoCommonSetting	共通設定不可		NoViewShipping	出荷閲覧不可		NoTotalStockList	トータル在庫問合せ不可		DepositViewOnly	預託閲覧許可		NoViewDeposit	預託閲覧不可	
ZipMasterBulkInput	郵便番号マスタ一括取込	NoSystemMaintenance	システム管理不可		NoWmsMasterMaintenance	WMSマスタ管理不可	0	NoDaily	日次締処理不可		ViewOnly	閲覧許可		Workers	管理作業者権限		NoClientCenterEdit	荷主センタ編集不可		NoCommonSetting	共通設定不可		NoViewShipping	出荷閲覧不可		NoTotalStockList	トータル在庫問合せ不可		DepositViewOnly	預託閲覧許可		NoViewDeposit	預託閲覧不可	
